well,n_regions,margin,stitch,tail_frac,matched,full_identity,pident,dll_matched
A01,6,0.0,vote,0.6,690,85.92777085927771,95.833,790
A01,6,0.0,vote,0.7,690,85.92777085927771,95.833,790
A01,6,0.0,vote,0.8,691,86.05230386052304,95.972,790
A01,6,0.0,vote,0.9,718,89.41469489414695,96.247,790
A01,6,0.0,conf,0.6,690,85.92777085927771,95.833,790
A01,6,0.0,conf,0.7,690,85.92777085927771,95.833,790
A01,6,0.0,conf,0.8,691,86.05230386052304,95.972,790
A01,6,0.0,conf,0.9,718,89.41469489414695,96.247,790
A01,6,0.0,wmax,0.6,690,85.92777085927771,95.833,790
A01,6,0.0,wmax,0.7,690,85.92777085927771,95.833,790
A01,6,0.0,wmax,0.8,691,86.05230386052304,95.972,790
A01,6,0.0,wmax,0.9,718,89.41469489414695,96.247,790
A01,6,0.02,vote,0.6,690,85.92777085927771,95.833,790
A01,6,0.02,vote,0.7,692,86.17683686176836,96.111,790
A01,6,0.02,vote,0.8,693,86.3013698630137,96.25,790
A01,6,0.02,vote,0.9,721,89.78829389788294,96.649,790
A01,6,0.02,conf,0.6,690,85.92777085927771,95.833,790
A01,6,0.02,conf,0.7,692,86.17683686176836,96.111,790
A01,6,0.02,conf,0.8,693,86.3013698630137,96.25,790
A01,6,0.02,conf,0.9,721,89.78829389788294,96.649,790
A01,6,0.02,wmax,0.6,690,85.92777085927771,95.833,790
A01,6,0.02,wmax,0.7,692,86.17683686176836,96.111,790
A01,6,0.02,wmax,0.8,693,86.3013698630137,96.25,790
A01,6,0.02,wmax,0.9,721,89.78829389788294,96.649,790
A01,8,0.0,vote,0.6,706,87.92029887920299,95.277,790
A01,8,0.0,vote,0.7,706,87.92029887920299,95.277,790
A01,8,0.0,vote,0.8,711,88.54296388542964,95.951,790
A01,8,0.0,vote,0.9,718,89.41469489414695,96.896,790
A01,8,0.0,conf,0.6,706,87.92029887920299,95.277,790
A01,8,0.0,conf,0.7,706,87.92029887920299,95.277,790
A01,8,0.0,conf,0.8,711,88.54296388542964,95.951,790
A01,8,0.0,conf,0.9,718,89.41469489414695,96.896,790
A01,8,0.0,wmax,0.6,706,87.92029887920299,95.277,790
A01,8,0.0,wmax,0.7,706,87.92029887920299,95.277,790
A01,8,0.0,wmax,0.8,711,88.54296388542964,95.951,790
A01,8,0.0,wmax,0.9,718,89.41469489414695,96.896,790
A01,8,0.02,vote,0.6,707,88.04483188044831,95.412,790
A01,8,0.02,vote,0.7,708,88.16936488169365,95.547,790
A01,8,0.02,vote,0.8,713,88.7920298879203,96.221,790
A01,8,0.02,vote,0.9,722,89.91282689912826,97.436,790
A01,8,0.02,conf,0.6,707,88.04483188044831,95.412,790
A01,8,0.02,conf,0.7,708,88.16936488169365,95.547,790
A01,8,0.02,conf,0.8,713,88.7920298879203,96.221,790
A01,8,0.02,conf,0.9,721,89.78829389788294,97.301,790
A01,8,0.02,wmax,0.6,707,88.04483188044831,95.412,790
A01,8,0.02,wmax,0.7,708,88.16936488169365,95.547,790
A01,8,0.02,wmax,0.8,713,88.7920298879203,96.221,790
A01,8,0.02,wmax,0.9,721,89.78829389788294,97.301,790
A03,6,0.0,vote,0.6,651,77.68496420047732,93.266,729
A03,6,0.0,vote,0.7,657,78.40095465393794,94.126,729
A03,6,0.0,vote,0.8,662,78.99761336515513,94.978,729
A03,6,0.0,vote,0.9,674,80.42959427207637,94.663,729
A03,6,0.0,conf,0.6,651,77.68496420047732,93.266,729
A03,6,0.0,conf,0.7,657,78.40095465393794,94.126,729
A03,6,0.0,conf,0.8,662,78.99761336515513,94.978,729
A03,6,0.0,conf,0.9,674,80.42959427207637,94.663,729
A03,6,0.0,wmax,0.6,651,77.68496420047732,93.266,729
A03,6,0.0,wmax,0.7,657,78.40095465393794,94.126,729
A03,6,0.0,wmax,0.8,662,78.99761336515513,94.978,729
A03,6,0.0,wmax,0.9,674,80.42959427207637,94.663,729
A03,6,0.02,vote,0.6,652,77.80429594272077,93.41,729
A03,6,0.02,vote,0.7,659,78.63961813842482,94.413,729
A03,6,0.02,vote,0.8,664,79.23627684964201,95.265,729
A03,6,0.02,vote,0.9,674,80.42959427207637,95.063,729
A03,6,0.02,conf,0.6,652,77.80429594272077,93.41,729
A03,6,0.02,conf,0.7,659,78.63961813842482,94.413,729
A03,6,0.02,conf,0.8,664,79.23627684964201,95.265,729
A03,6,0.02,conf,0.9,674,80.42959427207637,95.063,729
A03,6,0.02,wmax,0.6,652,77.80429594272077,93.41,729
A03,6,0.02,wmax,0.7,659,78.63961813842482,94.413,729
A03,6,0.02,wmax,0.8,664,79.23627684964201,95.265,729
A03,6,0.02,wmax,0.9,674,80.42959427207637,95.063,729
A03,8,0.0,vote,0.6,649,77.44630071599045,92.45,729
A03,8,0.0,vote,0.7,653,77.9236276849642,93.02,729
A03,8,0.0,vote,0.8,655,78.16229116945108,93.438,729
A03,8,0.0,vote,0.9,663,79.11694510739856,93.644,729
A03,8,0.0,conf,0.6,649,77.44630071599045,92.45,729
A03,8,0.0,conf,0.7,653,77.9236276849642,93.02,729
A03,8,0.0,conf,0.8,655,78.16229116945108,93.438,729
A03,8,0.0,conf,0.9,663,79.11694510739856,93.644,729
A03,8,0.0,wmax,0.6,649,77.44630071599045,92.45,729
A03,8,0.0,wmax,0.7,653,77.9236276849642,93.02,729
A03,8,0.0,wmax,0.8,655,78.16229116945108,93.438,729
A03,8,0.0,wmax,0.9,663,79.11694510739856,93.644,729
A03,8,0.02,vote,0.6,652,77.80429594272077,92.877,729
A03,8,0.02,vote,0.7,659,78.63961813842482,93.875,729
A03,8,0.02,vote,0.8,660,78.75894988066825,94.151,729
A03,8,0.02,vote,0.9,704,84.00954653937947,92.5,729
A03,8,0.02,conf,0.6,652,77.80429594272077,92.877,729
A03,8,0.02,conf,0.7,659,78.63961813842482,93.875,729
A03,8,0.02,conf,0.8,660,78.75894988066825,94.151,729
A03,8,0.02,conf,0.9,704,84.00954653937947,92.5,729
A03,8,0.02,wmax,0.6,652,77.80429594272077,92.877,729
A03,8,0.02,wmax,0.7,659,78.63961813842482,93.875,729
A03,8,0.02,wmax,0.8,660,78.75894988066825,94.151,729
A03,8,0.02,wmax,0.9,704,84.00954653937947,92.5,729
A05,6,0.0,vote,0.6,700,82.25616921269095,94.723,749
A05,6,0.0,vote,0.7,702,82.49118683901293,94.993,749
A05,6,0.0,vote,0.8,710,83.43125734430082,96.076,749
A05,6,0.0,vote,0.9,724,85.07638072855464,96.662,749
A05,6,0.0,conf,0.6,700,82.25616921269095,94.723,749
A05,6,0.0,conf,0.7,702,82.49118683901293,94.993,749
A05,6,0.0,conf,0.8,710,83.43125734430082,96.076,749
A05,6,0.0,conf,0.9,724,85.07638072855464,96.662,749
A05,6,0.0,wmax,0.6,700,82.25616921269095,94.723,749
A05,6,0.0,wmax,0.7,702,82.49118683901293,94.993,749
A05,6,0.0,wmax,0.8,710,83.43125734430082,96.076,749
A05,6,0.0,wmax,0.9,724,85.07638072855464,96.662,749
A05,6,0.02,vote,0.6,700,82.25616921269095,94.723,749
A05,6,0.02,vote,0.7,704,82.7262044653349,95.264,749
A05,6,0.02,vote,0.8,712,83.6662749706228,96.346,749
A05,6,0.02,vote,0.9,727,85.4289071680376,97.063,749
A05,6,0.02,conf,0.6,700,82.25616921269095,94.723,749
A05,6,0.02,conf,0.7,704,82.7262044653349,95.264,749
A05,6,0.02,conf,0.8,712,83.6662749706228,96.346,749
A05,6,0.02,conf,0.9,727,85.4289071680376,97.063,749
A05,6,0.02,wmax,0.6,700,82.25616921269095,94.723,749
A05,6,0.02,wmax,0.7,704,82.7262044653349,95.264,749
A05,6,0.02,wmax,0.8,712,83.6662749706228,96.346,749
A05,6,0.02,wmax,0.9,727,85.4289071680376,97.063,749
A05,8,0.0,vote,0.6,698,82.02115158636897,94.966,749
A05,8,0.0,vote,0.7,702,82.49118683901293,95.51,749
A05,8,0.0,vote,0.8,705,82.84371327849588,95.918,749
A05,8,0.0,vote,0.9,709,83.31374853113984,96.594,749
A05,8,0.0,conf,0.6,698,82.02115158636897,94.966,749
A05,8,0.0,conf,0.7,702,82.49118683901293,95.51,749
A05,8,0.0,conf,0.8,705,82.84371327849588,95.918,749
A05,8,0.0,conf,0.9,709,83.31374853113984,96.594,749
A05,8,0.0,wmax,0.6,698,82.02115158636897,94.966,749
A05,8,0.0,wmax,0.7,702,82.49118683901293,95.51,749
A05,8,0.0,wmax,0.8,705,82.84371327849588,95.918,749
A05,8,0.0,wmax,0.9,709,83.31374853113984,96.594,749
A05,8,0.02,vote,0.6,698,82.02115158636897,94.966,749
A05,8,0.02,vote,0.7,701,82.37367802585194,95.374,749
A05,8,0.02,vote,0.8,705,82.84371327849588,95.918,749
A05,8,0.02,vote,0.9,708,83.19623971797886,96.458,749
A05,8,0.02,conf,0.6,698,82.02115158636897,94.966,749
A05,8,0.02,conf,0.7,701,82.37367802585194,95.374,749
A05,8,0.02,conf,0.8,705,82.84371327849588,95.918,749
A05,8,0.02,conf,0.9,708,83.19623971797886,96.458,749
A05,8,0.02,wmax,0.6,698,82.02115158636897,94.966,749
A05,8,0.02,wmax,0.7,701,82.37367802585194,95.374,749
A05,8,0.02,wmax,0.8,705,82.84371327849588,95.918,749
A05,8,0.02,wmax,0.9,708,83.19623971797886,96.458,749
A07,6,0.0,vote,0.6,594,70.71428571428571,88.922,742
A07,6,0.0,vote,0.7,595,70.83333333333333,89.339,742
A07,6,0.0,vote,0.8,613,72.97619047619048,89.099,742
A07,6,0.0,vote,0.9,666,79.28571428571429,88.079,742
A07,6,0.0,conf,0.6,594,70.71428571428571,88.922,742
A07,6,0.0,conf,0.7,595,70.83333333333333,89.339,742
A07,6,0.0,conf,0.8,613,72.97619047619048,89.099,742
A07,6,0.0,conf,0.9,666,79.28571428571429,88.079,742
A07,6,0.0,wmax,0.6,594,70.71428571428571,88.922,742
A07,6,0.0,wmax,0.7,595,70.83333333333333,89.339,742
A07,6,0.0,wmax,0.8,613,72.97619047619048,89.099,742
A07,6,0.0,wmax,0.9,666,79.28571428571429,88.079,742
A07,6,0.02,vote,0.6,592,70.47619047619048,88.623,742
A07,6,0.02,vote,0.7,593,70.5952380952381,89.039,742
A07,6,0.02,vote,0.8,611,72.73809523809524,88.808,742
A07,6,0.02,vote,0.9,665,79.16666666666667,87.947,742
A07,6,0.02,conf,0.6,592,70.47619047619048,88.623,742
A07,6,0.02,conf,0.7,593,70.5952380952381,89.039,742
A07,6,0.02,conf,0.8,611,72.73809523809524,88.808,742
A07,6,0.02,conf,0.9,665,79.16666666666667,87.947,742
A07,6,0.02,wmax,0.6,592,70.47619047619048,88.623,742
A07,6,0.02,wmax,0.7,593,70.5952380952381,89.039,742
A07,6,0.02,wmax,0.8,611,72.73809523809524,88.808,742
A07,6,0.02,wmax,0.9,665,79.16666666666667,87.947,742
A07,8,0.0,vote,0.6,611,72.73809523809524,88.679,742
A07,8,0.0,vote,0.7,619,73.69047619047619,90.102,742
A07,8,0.0,vote,0.8,620,73.80952380952381,90.379,742
A07,8,0.0,vote,0.9,671,79.88095238095238,89.348,742
A07,8,0.0,conf,0.6,611,72.73809523809524,88.679,742
A07,8,0.0,conf,0.7,619,73.69047619047619,90.102,742
A07,8,0.0,conf,0.8,620,73.80952380952381,90.379,742
A07,8,0.0,conf,0.9,671,79.88095238095238,89.348,742
A07,8,0.0,wmax,0.6,611,72.73809523809524,88.679,742
A07,8,0.0,wmax,0.7,619,73.69047619047619,90.102,742
A07,8,0.0,wmax,0.8,620,73.80952380952381,90.379,742
A07,8,0.0,wmax,0.9,671,79.88095238095238,89.348,742
A07,8,0.02,vote,0.6,614,73.0952380952381,89.115,742
A07,8,0.02,vote,0.7,623,74.16666666666667,90.684,742
A07,8,0.02,vote,0.8,625,74.4047619047619,91.108,742
A07,8,0.02,vote,0.9,676,80.47619047619048,90.013,742
A07,8,0.02,conf,0.6,612,72.85714285714286,88.824,742
A07,8,0.02,conf,0.7,621,73.92857142857143,90.393,742
A07,8,0.02,conf,0.8,623,74.16666666666667,90.816,742
A07,8,0.02,conf,0.9,674,80.23809523809524,89.747,742
A07,8,0.02,wmax,0.6,612,72.85714285714286,88.824,742
A07,8,0.02,wmax,0.7,621,73.92857142857143,90.393,742
A07,8,0.02,wmax,0.8,623,74.16666666666667,90.816,742
A07,8,0.02,wmax,0.9,674,80.23809523809524,89.747,742
A09,6,0.0,vote,0.6,759,87.34177215189874,93.342,788
A09,6,0.0,vote,0.7,765,88.03222094361335,94.081,788
A09,6,0.0,vote,0.8,766,88.14729574223244,94.321,788
A09,6,0.0,vote,0.9,733,84.34982738780207,97.6,788
A09,6,0.0,conf,0.6,759,87.34177215189874,93.342,788
A09,6,0.0,conf,0.7,765,88.03222094361335,94.081,788
A09,6,0.0,conf,0.8,766,88.14729574223244,94.321,788
A09,6,0.0,conf,0.9,733,84.34982738780207,97.6,788
A09,6,0.0,wmax,0.6,759,87.34177215189874,93.342,788
A09,6,0.0,wmax,0.7,765,88.03222094361335,94.081,788
A09,6,0.0,wmax,0.8,766,88.14729574223244,94.321,788
A09,6,0.0,wmax,0.9,733,84.34982738780207,97.6,788
A09,6,0.02,vote,0.6,758,87.22669735327963,93.218,788
A09,6,0.02,vote,0.7,764,87.91714614499425,93.958,788
A09,6,0.02,vote,0.8,765,88.03222094361335,94.198,788
A09,6,0.02,vote,0.9,751,86.42117376294591,96.521,788
A09,6,0.02,conf,0.6,758,87.22669735327963,93.218,788
A09,6,0.02,conf,0.7,763,87.80207134637514,93.835,788
A09,6,0.02,conf,0.8,764,87.91714614499425,94.074,788
A09,6,0.02,conf,0.9,730,84.00460299194476,97.2,788
A09,6,0.02,wmax,0.6,758,87.22669735327963,93.218,788
A09,6,0.02,wmax,0.7,763,87.80207134637514,93.835,788
A09,6,0.02,wmax,0.8,764,87.91714614499425,94.074,788
A09,6,0.02,wmax,0.9,730,84.00460299194476,97.2,788
A09,8,0.0,vote,0.6,749,86.19102416570772,94.564,788
A09,8,0.0,vote,0.7,753,86.65132336018412,95.07,788
A09,8,0.0,vote,0.8,755,86.88147295742232,95.322,788
A09,8,0.0,vote,0.9,730,84.00460299194476,97.333,788
A09,8,0.0,conf,0.6,749,86.19102416570772,94.564,788
A09,8,0.0,conf,0.7,753,86.65132336018412,95.07,788
A09,8,0.0,conf,0.8,755,86.88147295742232,95.322,788
A09,8,0.0,conf,0.9,730,84.00460299194476,97.333,788
A09,8,0.0,wmax,0.6,749,86.19102416570772,94.564,788
A09,8,0.0,wmax,0.7,753,86.65132336018412,95.07,788
A09,8,0.0,wmax,0.8,755,86.88147295742232,95.322,788
A09,8,0.0,wmax,0.9,730,84.00460299194476,97.333,788
A09,8,0.02,vote,0.6,751,86.42117376294591,94.69,788
A09,8,0.02,vote,0.7,755,86.88147295742232,95.196,788
A09,8,0.02,vote,0.8,757,87.11162255466053,95.449,788
A09,8,0.02,vote,0.9,732,84.23475258918297,97.467,788
A09,8,0.02,conf,0.6,751,86.42117376294591,94.69,788
A09,8,0.02,conf,0.7,755,86.88147295742232,95.196,788
A09,8,0.02,conf,0.8,757,87.11162255466053,95.449,788
A09,8,0.02,conf,0.9,732,84.23475258918297,97.467,788
A09,8,0.02,wmax,0.6,751,86.42117376294591,94.69,788
A09,8,0.02,wmax,0.7,755,86.88147295742232,95.196,788
A09,8,0.02,wmax,0.8,757,87.11162255466053,95.449,788
A09,8,0.02,wmax,0.9,732,84.23475258918297,97.467,788
A11,6,0.0,vote,0.6,713,84.57888493475681,94.688,739
A11,6,0.0,vote,0.7,717,85.05338078291815,95.219,739
A11,6,0.0,vote,0.8,720,85.40925266903915,95.618,739
A11,6,0.0,vote,0.9,731,86.71411625148279,97.078,739
A11,6,0.0,conf,0.6,713,84.57888493475681,94.688,739
A11,6,0.0,conf,0.7,717,85.05338078291815,95.219,739
A11,6,0.0,conf,0.8,720,85.40925266903915,95.618,739
A11,6,0.0,conf,0.9,731,86.71411625148279,97.078,739
A11,6,0.0,wmax,0.6,713,84.57888493475681,94.688,739
A11,6,0.0,wmax,0.7,717,85.05338078291815,95.219,739
A11,6,0.0,wmax,0.8,720,85.40925266903915,95.618,739
A11,6,0.0,wmax,0.9,731,86.71411625148279,97.078,739
A11,6,0.02,vote,0.6,713,84.57888493475681,94.688,739
A11,6,0.02,vote,0.7,717,85.05338078291815,95.219,739
A11,6,0.02,vote,0.8,720,85.40925266903915,95.618,739
A11,6,0.02,vote,0.9,731,86.71411625148279,97.078,739
A11,6,0.02,conf,0.6,713,84.57888493475681,94.688,739
A11,6,0.02,conf,0.7,716,84.93475682087782,95.086,739
A11,6,0.02,conf,0.8,719,85.29062870699882,95.485,739
A11,6,0.02,conf,0.9,730,86.59549228944246,96.946,739
A11,6,0.02,wmax,0.6,713,84.57888493475681,94.688,739
A11,6,0.02,wmax,0.7,716,84.93475682087782,95.086,739
A11,6,0.02,wmax,0.8,719,85.29062870699882,95.485,739
A11,6,0.02,wmax,0.9,730,86.59549228944246,96.946,739
A11,8,0.0,vote,0.6,716,84.93475682087782,95.086,739
A11,8,0.0,vote,0.7,719,85.29062870699882,95.485,739
A11,8,0.0,vote,0.8,724,85.88374851720047,96.149,739
A11,8,0.0,vote,0.9,731,86.71411625148279,97.078,739
A11,8,0.0,conf,0.6,716,84.93475682087782,95.086,739
A11,8,0.0,conf,0.7,719,85.29062870699882,95.485,739
A11,8,0.0,conf,0.8,724,85.88374851720047,96.149,739
A11,8,0.0,conf,0.9,731,86.71411625148279,97.078,739
A11,8,0.0,wmax,0.6,716,84.93475682087782,95.086,739
A11,8,0.0,wmax,0.7,719,85.29062870699882,95.485,739
A11,8,0.0,wmax,0.8,724,85.88374851720047,96.149,739
A11,8,0.0,wmax,0.9,731,86.71411625148279,97.078,739
A11,8,0.02,vote,0.6,715,84.81613285883749,94.954,739
A11,8,0.02,vote,0.7,718,85.17200474495849,95.352,739
A11,8,0.02,vote,0.8,723,85.76512455516014,96.016,739
A11,8,0.02,vote,0.9,730,86.59549228944246,96.946,739
A11,8,0.02,conf,0.6,717,85.05338078291815,95.219,739
A11,8,0.02,conf,0.7,720,85.40925266903915,95.618,739
A11,8,0.02,conf,0.8,725,86.0023724792408,96.282,739
A11,8,0.02,conf,0.9,732,86.83274021352314,97.211,739
A11,8,0.02,wmax,0.6,717,85.05338078291815,95.219,739
A11,8,0.02,wmax,0.7,720,85.40925266903915,95.618,739
A11,8,0.02,wmax,0.8,725,86.0023724792408,96.282,739
A11,8,0.02,wmax,0.9,732,86.83274021352314,97.211,739
B02,6,0.0,vote,0.6,687,81.88319427890346,95.284,771
B02,6,0.0,vote,0.7,692,82.47914183551848,95.978,771
B02,6,0.0,vote,0.8,692,82.47914183551848,95.978,771
B02,6,0.0,vote,0.9,747,89.03456495828367,95.281,771
B02,6,0.0,conf,0.6,687,81.88319427890346,95.284,771
B02,6,0.0,conf,0.7,692,82.47914183551848,95.978,771
B02,6,0.0,conf,0.8,692,82.47914183551848,95.978,771
B02,6,0.0,conf,0.9,747,89.03456495828367,95.281,771
B02,6,0.0,wmax,0.6,687,81.88319427890346,95.284,771
B02,6,0.0,wmax,0.7,692,82.47914183551848,95.978,771
B02,6,0.0,wmax,0.8,692,82.47914183551848,95.978,771
B02,6,0.0,wmax,0.9,747,89.03456495828367,95.281,771
B02,6,0.02,vote,0.6,687,81.88319427890346,95.284,771
B02,6,0.02,vote,0.7,693,82.59833134684148,96.117,771
B02,6,0.02,vote,0.8,693,82.59833134684148,96.117,771
B02,6,0.02,vote,0.9,749,89.27294398092968,95.536,771
B02,6,0.02,conf,0.6,687,81.88319427890346,95.284,771
B02,6,0.02,conf,0.7,693,82.59833134684148,96.117,771
B02,6,0.02,conf,0.8,693,82.59833134684148,96.117,771
B02,6,0.02,conf,0.9,749,89.27294398092968,95.536,771
B02,6,0.02,wmax,0.6,687,81.88319427890346,95.284,771
B02,6,0.02,wmax,0.7,693,82.59833134684148,96.117,771
B02,6,0.02,wmax,0.8,693,82.59833134684148,96.117,771
B02,6,0.02,wmax,0.9,749,89.27294398092968,95.536,771
B02,8,0.0,vote,0.6,680,81.04886769964243,94.313,771
B02,8,0.0,vote,0.7,688,82.00238379022646,95.423,771
B02,8,0.0,vote,0.8,694,82.71752085816448,96.255,771
B02,8,0.0,vote,0.9,747,89.03456495828367,95.153,771
B02,8,0.0,conf,0.6,680,81.04886769964243,94.313,771
B02,8,0.0,conf,0.7,688,82.00238379022646,95.423,771
B02,8,0.0,conf,0.8,694,82.71752085816448,96.255,771
B02,8,0.0,conf,0.9,747,89.03456495828367,95.153,771
B02,8,0.0,wmax,0.6,680,81.04886769964243,94.313,771
B02,8,0.0,wmax,0.7,688,82.00238379022646,95.423,771
B02,8,0.0,wmax,0.8,694,82.71752085816448,96.255,771
B02,8,0.0,wmax,0.9,747,89.03456495828367,95.153,771
B02,8,0.02,vote,0.6,681,81.16805721096543,94.452,771
B02,8,0.02,vote,0.7,689,82.12157330154946,95.562,771
B02,8,0.02,vote,0.8,695,82.83671036948749,96.394,771
B02,8,0.02,vote,0.9,747,89.03456495828367,95.281,771
B02,8,0.02,conf,0.6,681,81.16805721096543,94.452,771
B02,8,0.02,conf,0.7,689,82.12157330154946,95.562,771
B02,8,0.02,conf,0.8,696,82.95589988081049,96.533,771
B02,8,0.02,conf,0.9,748,89.15375446960668,95.408,771
B02,8,0.02,wmax,0.6,681,81.16805721096543,94.452,771
B02,8,0.02,wmax,0.7,689,82.12157330154946,95.562,771
B02,8,0.02,wmax,0.8,696,82.95589988081049,96.533,771
B02,8,0.02,wmax,0.9,748,89.15375446960668,95.408,771
B04,6,0.0,vote,0.6,741,89.81818181818181,91.935,761
B04,6,0.0,vote,0.7,744,90.18181818181819,92.308,761
B04,6,0.0,vote,0.8,758,91.87878787878788,94.045,761
B04,6,0.0,vote,0.9,770,93.33333333333333,95.409,761
B04,6,0.0,conf,0.6,741,89.81818181818181,91.935,761
B04,6,0.0,conf,0.7,744,90.18181818181819,92.308,761
B04,6,0.0,conf,0.8,758,91.87878787878788,94.045,761
B04,6,0.0,conf,0.9,770,93.33333333333333,95.409,761
B04,6,0.0,wmax,0.6,741,89.81818181818181,91.935,761
B04,6,0.0,wmax,0.7,744,90.18181818181819,92.308,761
B04,6,0.0,wmax,0.8,758,91.87878787878788,94.045,761
B04,6,0.0,wmax,0.9,770,93.33333333333333,95.409,761
B04,6,0.02,vote,0.6,742,89.93939393939394,92.06,761
B04,6,0.02,vote,0.7,745,90.3030303030303,92.432,761
B04,6,0.02,vote,0.8,759,92.0,94.169,761
B04,6,0.02,vote,0.9,768,93.0909090909091,95.285,761
B04,6,0.02,conf,0.6,742,89.93939393939394,92.06,761
B04,6,0.02,conf,0.7,745,90.3030303030303,92.432,761
B04,6,0.02,conf,0.8,759,92.0,94.169,761
B04,6,0.02,conf,0.9,768,93.0909090909091,95.161,761
B04,6,0.02,wmax,0.6,742,89.93939393939394,92.06,761
B04,6,0.02,wmax,0.7,745,90.3030303030303,92.432,761
B04,6,0.02,wmax,0.8,759,92.0,94.169,761
B04,6,0.02,wmax,0.9,768,93.0909090909091,95.161,761
B04,8,0.0,vote,0.6,706,85.57575757575758,95.535,761
B04,8,0.0,vote,0.7,704,85.33333333333333,95.264,761
B04,8,0.0,vote,0.8,715,86.66666666666667,96.752,761
B04,8,0.0,vote,0.9,739,89.57575757575758,96.597,761
B04,8,0.0,conf,0.6,706,85.57575757575758,95.535,761
B04,8,0.0,conf,0.7,704,85.33333333333333,95.264,761
B04,8,0.0,conf,0.8,715,86.66666666666667,96.752,761
B04,8,0.0,conf,0.9,739,89.57575757575758,96.597,761
B04,8,0.0,wmax,0.6,706,85.57575757575758,95.535,761
B04,8,0.0,wmax,0.7,704,85.33333333333333,95.264,761
B04,8,0.0,wmax,0.8,715,86.66666666666667,96.752,761
B04,8,0.0,wmax,0.9,739,89.57575757575758,96.597,761
B04,8,0.02,vote,0.6,705,85.45454545454545,95.399,761
B04,8,0.02,vote,0.7,705,85.45454545454545,95.399,761
B04,8,0.02,vote,0.8,716,86.78787878787878,96.888,761
B04,8,0.02,vote,0.9,723,87.63636363636364,97.7,761
B04,8,0.02,conf,0.6,706,85.57575757575758,95.535,761
B04,8,0.02,conf,0.7,706,85.57575757575758,95.535,761
B04,8,0.02,conf,0.8,717,86.9090909090909,97.023,761
B04,8,0.02,conf,0.9,724,87.75757575757575,97.835,761
B04,8,0.02,wmax,0.6,706,85.57575757575758,95.535,761
B04,8,0.02,wmax,0.7,706,85.57575757575758,95.535,761
B04,8,0.02,wmax,0.8,717,86.9090909090909,97.023,761
B04,8,0.02,wmax,0.9,724,87.75757575757575,97.835,761
B06,6,0.0,vote,0.6,606,69.73532796317606,90.448,781
B06,6,0.0,vote,0.7,614,70.65592635212889,91.779,781
B06,6,0.0,vote,0.8,623,71.6915995397008,90.816,781
B06,6,0.0,vote,0.9,696,80.09205983889528,88.437,781
B06,6,0.0,conf,0.6,606,69.73532796317606,90.448,781
B06,6,0.0,conf,0.7,614,70.65592635212889,91.779,781
B06,6,0.0,conf,0.8,623,71.6915995397008,90.816,781
B06,6,0.0,conf,0.9,696,80.09205983889528,88.437,781
B06,6,0.0,wmax,0.6,606,69.73532796317606,90.448,781
B06,6,0.0,wmax,0.7,614,70.65592635212889,91.779,781
B06,6,0.0,wmax,0.8,623,71.6915995397008,90.816,781
B06,6,0.0,wmax,0.9,696,80.09205983889528,88.437,781
B06,6,0.02,vote,0.6,609,70.08055235903338,90.896,781
B06,6,0.02,vote,0.7,618,71.11622554660529,92.377,781
B06,6,0.02,vote,0.8,627,72.15189873417721,91.399,781
B06,6,0.02,vote,0.9,700,80.55235903337169,88.945,781
B06,6,0.02,conf,0.6,609,70.08055235903338,90.896,781
B06,6,0.02,conf,0.7,618,71.11622554660529,92.377,781
B06,6,0.02,conf,0.8,627,72.15189873417721,91.399,781
B06,6,0.02,conf,0.9,700,80.55235903337169,88.945,781
B06,6,0.02,wmax,0.6,609,70.08055235903338,90.896,781
B06,6,0.02,wmax,0.7,618,71.11622554660529,92.377,781
B06,6,0.02,wmax,0.8,627,72.15189873417721,91.399,781
B06,6,0.02,wmax,0.9,700,80.55235903337169,88.945,781
B06,8,0.0,vote,0.6,614,70.65592635212889,90.029,781
B06,8,0.0,vote,0.7,627,72.15189873417721,92.07,781
B06,8,0.0,vote,0.8,629,72.38204833141542,92.5,781
B06,8,0.0,vote,0.9,646,74.33831990794016,91.631,781
B06,8,0.0,conf,0.6,614,70.65592635212889,90.029,781
B06,8,0.0,conf,0.7,627,72.15189873417721,92.07,781
B06,8,0.0,conf,0.8,629,72.38204833141542,92.5,781
B06,8,0.0,conf,0.9,646,74.33831990794016,91.631,781
B06,8,0.0,wmax,0.6,614,70.65592635212889,90.029,781
B06,8,0.0,wmax,0.7,627,72.15189873417721,92.07,781
B06,8,0.0,wmax,0.8,629,72.38204833141542,92.5,781
B06,8,0.0,wmax,0.9,646,74.33831990794016,91.631,781
B06,8,0.02,vote,0.6,617,71.00115074798619,90.469,781
B06,8,0.02,vote,0.7,629,72.38204833141542,92.364,781
B06,8,0.02,vote,0.8,631,72.61219792865363,92.794,781
B06,8,0.02,vote,0.9,650,74.79861910241657,91.938,781
B06,8,0.02,conf,0.6,618,71.11622554660529,90.616,781
B06,8,0.02,conf,0.7,630,72.49712313003452,92.511,781
B06,8,0.02,conf,0.8,632,72.72727272727273,92.941,781
B06,8,0.02,conf,0.9,651,74.91369390103567,92.079,781
B06,8,0.02,wmax,0.6,618,71.11622554660529,90.616,781
B06,8,0.02,wmax,0.7,630,72.49712313003452,92.511,781
B06,8,0.02,wmax,0.8,632,72.72727272727273,92.941,781
B06,8,0.02,wmax,0.9,651,74.91369390103567,92.079,781
B08,6,0.0,vote,0.6,634,74.76415094339623,94.345,738
B08,6,0.0,vote,0.7,642,75.70754716981132,95.536,738
B08,6,0.0,vote,0.8,647,76.29716981132076,95.569,738
B08,6,0.0,vote,0.9,664,78.30188679245283,94.993,738
B08,6,0.0,conf,0.6,634,74.76415094339623,94.345,738
B08,6,0.0,conf,0.7,642,75.70754716981132,95.536,738
B08,6,0.0,conf,0.8,647,76.29716981132076,95.569,738
B08,6,0.0,conf,0.9,664,78.30188679245283,94.993,738
B08,6,0.0,wmax,0.6,634,74.76415094339623,94.345,738
B08,6,0.0,wmax,0.7,642,75.70754716981132,95.536,738
B08,6,0.0,wmax,0.8,647,76.29716981132076,95.569,738
B08,6,0.0,wmax,0.9,664,78.30188679245283,94.993,738
B08,6,0.02,vote,0.6,634,74.76415094339623,94.345,738
B08,6,0.02,vote,0.7,640,75.47169811320755,95.238,738
B08,6,0.02,vote,0.8,645,76.06132075471699,95.273,738
B08,6,0.02,vote,0.9,662,78.06603773584905,94.707,738
B08,6,0.02,conf,0.6,633,74.64622641509433,94.196,738
B08,6,0.02,conf,0.7,641,75.58962264150944,95.387,738
B08,6,0.02,conf,0.8,646,76.17924528301887,95.421,738
B08,6,0.02,conf,0.9,663,78.18396226415095,94.85,738
B08,6,0.02,wmax,0.6,633,74.64622641509433,94.196,738
B08,6,0.02,wmax,0.7,641,75.58962264150944,95.387,738
B08,6,0.02,wmax,0.8,646,76.17924528301887,95.421,738
B08,6,0.02,wmax,0.9,663,78.18396226415095,94.85,738
B08,8,0.0,vote,0.6,644,75.94339622641509,93.741,738
B08,8,0.0,vote,0.7,651,76.76886792452831,94.76,738
B08,8,0.0,vote,0.8,660,77.83018867924528,96.21,738
B08,8,0.0,vote,0.9,680,80.18867924528301,95.91,738
B08,8,0.0,conf,0.6,644,75.94339622641509,93.741,738
B08,8,0.0,conf,0.7,651,76.76886792452831,94.76,738
B08,8,0.0,conf,0.8,660,77.83018867924528,96.21,738
B08,8,0.0,conf,0.9,680,80.18867924528301,95.91,738
B08,8,0.0,wmax,0.6,644,75.94339622641509,93.741,738
B08,8,0.0,wmax,0.7,651,76.76886792452831,94.76,738
B08,8,0.0,wmax,0.8,660,77.83018867924528,96.21,738
B08,8,0.0,wmax,0.9,680,80.18867924528301,95.91,738
B08,8,0.02,vote,0.6,644,75.94339622641509,93.741,738
B08,8,0.02,vote,0.7,650,76.65094339622641,94.614,738
B08,8,0.02,vote,0.8,659,77.7122641509434,96.064,738
B08,8,0.02,vote,0.9,679,80.07075471698113,95.769,738
B08,8,0.02,conf,0.6,644,75.94339622641509,93.741,738
B08,8,0.02,conf,0.7,650,76.65094339622641,94.614,738
B08,8,0.02,conf,0.8,659,77.7122641509434,96.064,738
B08,8,0.02,conf,0.9,678,79.95283018867924,95.628,738
B08,8,0.02,wmax,0.6,644,75.94339622641509,93.741,738
B08,8,0.02,wmax,0.7,650,76.65094339622641,94.614,738
B08,8,0.02,wmax,0.8,659,77.7122641509434,96.064,738
B08,8,0.02,wmax,0.9,678,79.95283018867924,95.628,738
B10,6,0.0,vote,0.6,696,81.0244470314319,96.133,748
B10,6,0.0,vote,0.7,700,81.49010477299186,96.685,748
B10,6,0.0,vote,0.8,702,81.72293364377182,96.961,748
B10,6,0.0,vote,0.9,728,84.74970896391153,96.937,748
B10,6,0.0,conf,0.6,696,81.0244470314319,96.133,748
B10,6,0.0,conf,0.7,700,81.49010477299186,96.685,748
B10,6,0.0,conf,0.8,702,81.72293364377182,96.961,748
B10,6,0.0,conf,0.9,728,84.74970896391153,96.937,748
B10,6,0.0,wmax,0.6,696,81.0244470314319,96.133,748
B10,6,0.0,wmax,0.7,700,81.49010477299186,96.685,748
B10,6,0.0,wmax,0.8,702,81.72293364377182,96.961,748
B10,6,0.0,wmax,0.9,728,84.74970896391153,96.937,748
B10,6,0.02,vote,0.6,697,81.14086146682189,96.271,748
B10,6,0.02,vote,0.7,701,81.60651920838184,96.823,748
B10,6,0.02,vote,0.8,703,81.83934807916182,97.099,748
B10,6,0.02,vote,0.9,728,84.74970896391153,96.937,748
B10,6,0.02,conf,0.6,697,81.14086146682189,96.271,748
B10,6,0.02,conf,0.7,701,81.60651920838184,96.823,748
B10,6,0.02,conf,0.8,703,81.83934807916182,97.099,748
B10,6,0.02,conf,0.9,728,84.74970896391153,96.937,748
B10,6,0.02,wmax,0.6,697,81.14086146682189,96.271,748
B10,6,0.02,wmax,0.7,701,81.60651920838184,96.823,748
B10,6,0.02,wmax,0.8,703,81.83934807916182,97.099,748
B10,6,0.02,wmax,0.9,728,84.74970896391153,96.937,748
B10,8,0.0,vote,0.6,711,82.77066356228173,94.548,748
B10,8,0.0,vote,0.7,717,83.46915017462165,95.346,748
B10,8,0.0,vote,0.8,723,84.16763678696158,96.144,748
B10,8,0.0,vote,0.9,731,85.09895227008148,97.337,748
B10,8,0.0,conf,0.6,711,82.77066356228173,94.548,748
B10,8,0.0,conf,0.7,717,83.46915017462165,95.346,748
B10,8,0.0,conf,0.8,723,84.16763678696158,96.144,748
B10,8,0.0,conf,0.9,731,85.09895227008148,97.337,748
B10,8,0.0,wmax,0.6,711,82.77066356228173,94.548,748
B10,8,0.0,wmax,0.7,717,83.46915017462165,95.346,748
B10,8,0.0,wmax,0.8,723,84.16763678696158,96.144,748
B10,8,0.0,wmax,0.9,731,85.09895227008148,97.337,748
B10,8,0.02,vote,0.6,710,82.65424912689174,94.415,748
B10,8,0.02,vote,0.7,717,83.46915017462165,95.346,748
B10,8,0.02,vote,0.8,723,84.16763678696158,96.144,748
B10,8,0.02,vote,0.9,732,85.21536670547148,97.47,748
B10,8,0.02,conf,0.6,711,82.77066356228173,94.548,748
B10,8,0.02,conf,0.7,718,83.58556461001164,95.479,748
B10,8,0.02,conf,0.8,724,84.28405122235156,96.277,748
B10,8,0.02,conf,0.9,733,85.33178114086147,97.603,748
B10,8,0.02,wmax,0.6,711,82.77066356228173,94.548,748
B10,8,0.02,wmax,0.7,718,83.58556461001164,95.479,748
B10,8,0.02,wmax,0.8,724,84.28405122235156,96.277,748
B10,8,0.02,wmax,0.9,733,85.33178114086147,97.603,748
B12,6,0.0,vote,0.6,652,75.990675990676,94.211,765
B12,6,0.0,vote,0.7,660,76.92307692307692,95.369,765
B12,6,0.0,vote,0.8,662,77.15617715617715,95.797,765
B12,6,0.0,vote,0.9,690,80.41958041958041,95.694,765
B12,6,0.0,conf,0.6,652,75.990675990676,94.211,765
B12,6,0.0,conf,0.7,660,76.92307692307692,95.369,765
B12,6,0.0,conf,0.8,662,77.15617715617715,95.797,765
B12,6,0.0,conf,0.9,690,80.41958041958041,95.694,765
B12,6,0.0,wmax,0.6,652,75.990675990676,94.211,765
B12,6,0.0,wmax,0.7,660,76.92307692307692,95.369,765
B12,6,0.0,wmax,0.8,662,77.15617715617715,95.797,765
B12,6,0.0,wmax,0.9,690,80.41958041958041,95.694,765
B12,6,0.02,vote,0.6,655,76.34032634032634,94.645,765
B12,6,0.02,vote,0.7,662,77.15617715617715,95.658,765
B12,6,0.02,vote,0.8,664,77.3892773892774,96.087,765
B12,6,0.02,vote,0.9,693,80.76923076923077,95.978,765
B12,6,0.02,conf,0.6,653,76.10722610722611,94.356,765
B12,6,0.02,conf,0.7,661,77.03962703962704,95.514,765
B12,6,0.02,conf,0.8,663,77.27272727272727,95.942,765
B12,6,0.02,conf,0.9,695,81.002331002331,95.724,765
B12,6,0.02,wmax,0.6,653,76.10722610722611,94.356,765
B12,6,0.02,wmax,0.7,661,77.03962703962704,95.514,765
B12,6,0.02,wmax,0.8,663,77.27272727272727,95.942,765
B12,6,0.02,wmax,0.9,695,81.002331002331,95.724,765
B12,8,0.0,vote,0.6,705,82.16783216783217,93.867,765
B12,8,0.0,vote,0.7,706,82.28438228438229,94.0,765
B12,8,0.0,vote,0.8,711,82.86713286713287,94.667,765
B12,8,0.0,vote,0.9,709,82.63403263403264,95.676,765
B12,8,0.0,conf,0.6,705,82.16783216783217,93.867,765
B12,8,0.0,conf,0.7,706,82.28438228438229,94.0,765
B12,8,0.0,conf,0.8,711,82.86713286713287,94.667,765
B12,8,0.0,conf,0.9,709,82.63403263403264,95.676,765
B12,8,0.0,wmax,0.6,705,82.16783216783217,93.867,765
B12,8,0.0,wmax,0.7,706,82.28438228438229,94.0,765
B12,8,0.0,wmax,0.8,711,82.86713286713287,94.667,765
B12,8,0.0,wmax,0.9,709,82.63403263403264,95.676,765
B12,8,0.02,vote,0.6,707,82.4009324009324,94.133,765
B12,8,0.02,vote,0.7,708,82.51748251748252,94.267,765
B12,8,0.02,vote,0.8,712,82.98368298368298,94.927,765
B12,8,0.02,vote,0.9,711,82.86713286713287,95.946,765
B12,8,0.02,conf,0.6,707,82.4009324009324,94.133,765
B12,8,0.02,conf,0.7,708,82.51748251748252,94.267,765
B12,8,0.02,conf,0.8,713,83.1002331002331,94.933,765
B12,8,0.02,conf,0.9,710,82.75058275058275,95.811,765
B12,8,0.02,wmax,0.6,707,82.4009324009324,94.133,765
B12,8,0.02,wmax,0.7,708,82.51748251748252,94.267,765
B12,8,0.02,wmax,0.8,713,83.1002331002331,94.933,765
B12,8,0.02,wmax,0.9,710,82.75058275058275,95.811,765
C01,6,0.0,vote,0.6,686,81.37603795966785,95.271,726
C01,6,0.0,vote,0.7,691,81.96915776986951,95.967,726
C01,6,0.0,vote,0.8,697,82.68090154211151,96.801,726
C01,6,0.0,vote,0.9,715,84.81613285883749,97.541,726
C01,6,0.0,conf,0.6,686,81.37603795966785,95.271,726
C01,6,0.0,conf,0.7,691,81.96915776986951,95.967,726
C01,6,0.0,conf,0.8,697,82.68090154211151,96.801,726
C01,6,0.0,conf,0.9,715,84.81613285883749,97.541,726
C01,6,0.0,wmax,0.6,686,81.37603795966785,95.271,726
C01,6,0.0,wmax,0.7,691,81.96915776986951,95.967,726
C01,6,0.0,wmax,0.8,697,82.68090154211151,96.801,726
C01,6,0.0,wmax,0.9,715,84.81613285883749,97.541,726
C01,6,0.02,vote,0.6,686,81.37603795966785,95.271,726
C01,6,0.02,vote,0.7,693,82.20640569395017,96.245,726
C01,6,0.02,vote,0.8,699,82.91814946619218,97.079,726
C01,6,0.02,vote,0.9,726,86.12099644128114,97.577,726
C01,6,0.02,conf,0.6,686,81.37603795966785,95.271,726
C01,6,0.02,conf,0.7,693,82.20640569395017,96.245,726
C01,6,0.02,conf,0.8,699,82.91814946619218,97.079,726
C01,6,0.02,conf,0.9,725,86.0023724792408,97.443,726
C01,6,0.02,wmax,0.6,686,81.37603795966785,95.271,726
C01,6,0.02,wmax,0.7,693,82.20640569395017,96.245,726
C01,6,0.02,wmax,0.8,699,82.91814946619218,97.079,726
C01,6,0.02,wmax,0.9,725,86.0023724792408,97.443,726
C01,8,0.0,vote,0.6,697,82.68090154211151,96.537,726
C01,8,0.0,vote,0.7,701,83.15539739027284,97.091,726
C01,8,0.0,vote,0.8,703,83.3926453143535,97.368,726
C01,8,0.0,vote,0.9,718,85.17200474495849,98.087,726
C01,8,0.0,conf,0.6,697,82.68090154211151,96.537,726
C01,8,0.0,conf,0.7,701,83.15539739027284,97.091,726
C01,8,0.0,conf,0.8,703,83.3926453143535,97.368,726
C01,8,0.0,conf,0.9,718,85.17200474495849,98.087,726
C01,8,0.0,wmax,0.6,697,82.68090154211151,96.537,726
C01,8,0.0,wmax,0.7,701,83.15539739027284,97.091,726
C01,8,0.0,wmax,0.8,703,83.3926453143535,97.368,726
C01,8,0.0,wmax,0.9,718,85.17200474495849,98.087,726
C01,8,0.02,vote,0.6,697,82.68090154211151,96.537,726
C01,8,0.02,vote,0.7,701,83.15539739027284,97.091,726
C01,8,0.02,vote,0.8,703,83.3926453143535,97.368,726
C01,8,0.02,vote,0.9,718,85.17200474495849,98.087,726
C01,8,0.02,conf,0.6,698,82.79952550415184,96.676,726
C01,8,0.02,conf,0.7,702,83.27402135231317,97.23,726
C01,8,0.02,conf,0.8,704,83.51126927639383,97.507,726
C01,8,0.02,conf,0.9,719,85.29062870699882,98.224,726
C01,8,0.02,wmax,0.6,698,82.79952550415184,96.676,726
C01,8,0.02,wmax,0.7,702,83.27402135231317,97.23,726
C01,8,0.02,wmax,0.8,704,83.51126927639383,97.507,726
C01,8,0.02,wmax,0.9,719,85.29062870699882,98.224,726
C03,6,0.0,vote,0.6,639,75.08813160987074,93.411,763
C03,6,0.0,vote,0.7,647,76.02820211515863,94.583,763
C03,6,0.0,vote,0.8,648,76.14571092831963,94.729,763
C03,6,0.0,vote,0.9,707,83.07873090481786,92.52,763
C03,6,0.0,conf,0.6,639,75.08813160987074,93.411,763
C03,6,0.0,conf,0.7,647,76.02820211515863,94.583,763
C03,6,0.0,conf,0.8,648,76.14571092831963,94.729,763
C03,6,0.0,conf,0.9,707,83.07873090481786,92.52,763
C03,6,0.0,wmax,0.6,639,75.08813160987074,93.411,763
C03,6,0.0,wmax,0.7,647,76.02820211515863,94.583,763
C03,6,0.0,wmax,0.8,648,76.14571092831963,94.729,763
C03,6,0.0,wmax,0.9,707,83.07873090481786,92.52,763
C03,6,0.02,vote,0.6,642,75.4406580493537,93.851,763
C03,6,0.02,vote,0.7,648,76.14571092831963,94.729,763
C03,6,0.02,vote,0.8,649,76.26321974148061,94.876,763
C03,6,0.02,vote,0.9,709,83.31374853113984,92.782,763
C03,6,0.02,conf,0.6,642,75.4406580493537,93.851,763
C03,6,0.02,conf,0.7,649,76.26321974148061,94.876,763
C03,6,0.02,conf,0.8,650,76.38072855464159,95.022,763
C03,6,0.02,conf,0.9,709,83.31374853113984,92.782,763
C03,6,0.02,wmax,0.6,642,75.4406580493537,93.851,763
C03,6,0.02,wmax,0.7,649,76.26321974148061,94.876,763
C03,6,0.02,wmax,0.8,650,76.38072855464159,95.022,763
C03,6,0.02,wmax,0.9,709,83.31374853113984,92.782,763
C03,8,0.0,vote,0.6,662,77.79083431257344,94.971,763
C03,8,0.0,vote,0.7,670,78.73090481786134,96.121,763
C03,8,0.0,vote,0.8,670,78.73090481786134,96.121,763
C03,8,0.0,vote,0.9,687,80.72855464159812,95.81,763
C03,8,0.0,conf,0.6,662,77.79083431257344,94.971,763
C03,8,0.0,conf,0.7,670,78.73090481786134,96.121,763
C03,8,0.0,conf,0.8,670,78.73090481786134,96.121,763
C03,8,0.0,conf,0.9,687,80.72855464159812,95.81,763
C03,8,0.0,wmax,0.6,662,77.79083431257344,94.971,763
C03,8,0.0,wmax,0.7,670,78.73090481786134,96.121,763
C03,8,0.0,wmax,0.8,670,78.73090481786134,96.121,763
C03,8,0.0,wmax,0.9,687,80.72855464159812,95.81,763
C03,8,0.02,vote,0.6,660,77.55581668625148,94.684,763
C03,8,0.02,vote,0.7,667,78.37837837837837,95.69,763
C03,8,0.02,vote,0.8,667,78.37837837837837,95.69,763
C03,8,0.02,vote,0.9,684,80.37602820211517,95.391,763
C03,8,0.02,conf,0.6,661,77.67332549941246,94.828,763
C03,8,0.02,conf,0.7,668,78.49588719153937,95.833,763
C03,8,0.02,conf,0.8,668,78.49588719153937,95.833,763
C03,8,0.02,conf,0.9,684,80.37602820211517,95.391,763
C03,8,0.02,wmax,0.6,661,77.67332549941246,94.828,763
C03,8,0.02,wmax,0.7,668,78.49588719153937,95.833,763
C03,8,0.02,wmax,0.8,668,78.49588719153937,95.833,763
C03,8,0.02,wmax,0.9,684,80.37602820211517,95.391,763
C05,6,0.0,vote,0.6,685,81.54761904761905,95.938,732
C05,6,0.0,vote,0.7,690,82.14285714285714,96.639,732
C05,6,0.0,vote,0.8,692,82.38095238095238,96.919,732
C05,6,0.0,vote,0.9,698,83.0952380952381,97.759,732
C05,6,0.0,conf,0.6,685,81.54761904761905,95.938,732
C05,6,0.0,conf,0.7,690,82.14285714285714,96.639,732
C05,6,0.0,conf,0.8,692,82.38095238095238,96.919,732
C05,6,0.0,conf,0.9,698,83.0952380952381,97.759,732
C05,6,0.0,wmax,0.6,685,81.54761904761905,95.938,732
C05,6,0.0,wmax,0.7,690,82.14285714285714,96.639,732
C05,6,0.0,wmax,0.8,692,82.38095238095238,96.919,732
C05,6,0.0,wmax,0.9,698,83.0952380952381,97.759,732
C05,6,0.02,vote,0.6,684,81.42857142857143,95.798,732
C05,6,0.02,vote,0.7,689,82.02380952380952,96.499,732
C05,6,0.02,vote,0.8,691,82.26190476190476,96.779,732
C05,6,0.02,vote,0.9,728,86.66666666666667,96.169,732
C05,6,0.02,conf,0.6,684,81.42857142857143,95.798,732
C05,6,0.02,conf,0.7,689,82.02380952380952,96.499,732
C05,6,0.02,conf,0.8,691,82.26190476190476,96.779,732
C05,6,0.02,conf,0.9,728,86.66666666666667,96.169,732
C05,6,0.02,wmax,0.6,684,81.42857142857143,95.798,732
C05,6,0.02,wmax,0.7,689,82.02380952380952,96.499,732
C05,6,0.02,wmax,0.8,691,82.26190476190476,96.779,732
C05,6,0.02,wmax,0.9,728,86.66666666666667,96.169,732
C05,8,0.0,vote,0.6,698,83.0952380952381,94.452,732
C05,8,0.0,vote,0.7,702,83.57142857142857,94.993,732
C05,8,0.0,vote,0.8,704,83.80952380952381,95.264,732
C05,8,0.0,vote,0.9,721,85.83333333333333,95.878,732
C05,8,0.0,conf,0.6,698,83.0952380952381,94.452,732
C05,8,0.0,conf,0.7,702,83.57142857142857,94.993,732
C05,8,0.0,conf,0.8,704,83.80952380952381,95.264,732
C05,8,0.0,conf,0.9,721,85.83333333333333,95.878,732
C05,8,0.0,wmax,0.6,698,83.0952380952381,94.452,732
C05,8,0.0,wmax,0.7,702,83.57142857142857,94.993,732
C05,8,0.0,wmax,0.8,704,83.80952380952381,95.264,732
C05,8,0.0,wmax,0.9,721,85.83333333333333,95.878,732
C05,8,0.02,vote,0.6,700,83.33333333333333,94.723,732
C05,8,0.02,vote,0.7,704,83.80952380952381,95.264,732
C05,8,0.02,vote,0.8,706,84.04761904761905,95.535,732
C05,8,0.02,vote,0.9,723,86.07142857142857,96.144,732
C05,8,0.02,conf,0.6,700,83.33333333333333,94.723,732
C05,8,0.02,conf,0.7,704,83.80952380952381,95.264,732
C05,8,0.02,conf,0.8,706,84.04761904761905,95.535,732
C05,8,0.02,conf,0.9,722,85.95238095238095,96.011,732
C05,8,0.02,wmax,0.6,700,83.33333333333333,94.723,732
C05,8,0.02,wmax,0.7,704,83.80952380952381,95.264,732
C05,8,0.02,wmax,0.8,706,84.04761904761905,95.535,732
C05,8,0.02,wmax,0.9,722,85.95238095238095,96.011,732
C07,6,0.0,vote,0.6,604,68.32579185520362,87.41,783
C07,6,0.0,vote,0.7,604,68.32579185520362,87.283,783
C07,6,0.0,vote,0.8,628,71.04072398190046,87.344,783
C07,6,0.0,vote,0.9,672,76.01809954751131,85.934,783
C07,6,0.0,conf,0.6,604,68.32579185520362,87.41,783
C07,6,0.0,conf,0.7,604,68.32579185520362,87.283,783
C07,6,0.0,conf,0.8,628,71.04072398190046,87.344,783
C07,6,0.0,conf,0.9,672,76.01809954751131,85.934,783
C07,6,0.0,wmax,0.6,604,68.32579185520362,87.41,783
C07,6,0.0,wmax,0.7,604,68.32579185520362,87.283,783
C07,6,0.0,wmax,0.8,628,71.04072398190046,87.344,783
C07,6,0.0,wmax,0.9,672,76.01809954751131,85.934,783
C07,6,0.02,vote,0.6,603,68.21266968325791,87.391,783
C07,6,0.02,vote,0.7,603,68.21266968325791,87.265,783
C07,6,0.02,vote,0.8,627,70.92760180995475,87.326,783
C07,6,0.02,vote,0.9,671,75.90497737556561,85.915,783
C07,6,0.02,conf,0.6,604,68.32579185520362,87.41,783
C07,6,0.02,conf,0.7,603,68.21266968325791,87.265,783
C07,6,0.02,conf,0.8,627,70.92760180995475,87.326,783
C07,6,0.02,conf,0.9,672,76.01809954751131,86.044,783
C07,6,0.02,wmax,0.6,604,68.32579185520362,87.41,783
C07,6,0.02,wmax,0.7,603,68.21266968325791,87.265,783
C07,6,0.02,wmax,0.8,627,70.92760180995475,87.326,783
C07,6,0.02,wmax,0.9,672,76.01809954751131,86.044,783
C07,8,0.0,vote,0.6,669,75.67873303167421,85.006,783
C07,8,0.0,vote,0.7,673,76.13122171945702,85.623,783
C07,8,0.0,vote,0.8,675,76.35746606334841,85.642,783
C07,8,0.0,vote,0.9,709,80.20361990950227,84.79,783
C07,8,0.0,conf,0.6,669,75.67873303167421,85.006,783
C07,8,0.0,conf,0.7,673,76.13122171945702,85.623,783
C07,8,0.0,conf,0.8,675,76.35746606334841,85.642,783
C07,8,0.0,conf,0.9,709,80.20361990950227,84.79,783
C07,8,0.0,wmax,0.6,669,75.67873303167421,85.006,783
C07,8,0.0,wmax,0.7,673,76.13122171945702,85.623,783
C07,8,0.0,wmax,0.8,675,76.35746606334841,85.642,783
C07,8,0.0,wmax,0.9,709,80.20361990950227,84.79,783
C07,8,0.02,vote,0.6,671,75.90497737556561,85.26,783
C07,8,0.02,vote,0.7,673,76.13122171945702,85.623,783
C07,8,0.02,vote,0.8,673,76.13122171945702,85.515,783
C07,8,0.02,vote,0.9,691,78.16742081447964,85.099,783
C07,8,0.02,conf,0.6,672,76.01809954751131,85.388,783
C07,8,0.02,conf,0.7,674,76.24434389140272,85.751,783
C07,8,0.02,conf,0.8,674,76.24434389140272,85.642,783
C07,8,0.02,conf,0.9,693,78.39366515837104,85.345,783
C07,8,0.02,wmax,0.6,672,76.01809954751131,85.388,783
C07,8,0.02,wmax,0.7,674,76.24434389140272,85.751,783
C07,8,0.02,wmax,0.8,674,76.24434389140272,85.642,783
C07,8,0.02,wmax,0.9,693,78.39366515837104,85.345,783
C09,6,0.0,vote,0.6,694,79.40503432494279,95.856,736
C09,6,0.0,vote,0.7,699,79.9771167048055,96.547,736
C09,6,0.0,vote,0.8,706,80.77803203661327,97.514,736
C09,6,0.0,vote,0.9,727,83.18077803203661,97.847,736
C09,6,0.0,conf,0.6,694,79.40503432494279,95.856,736
C09,6,0.0,conf,0.7,699,79.9771167048055,96.547,736
C09,6,0.0,conf,0.8,706,80.77803203661327,97.514,736
C09,6,0.0,conf,0.9,727,83.18077803203661,97.847,736
C09,6,0.0,wmax,0.6,694,79.40503432494279,95.856,736
C09,6,0.0,wmax,0.7,699,79.9771167048055,96.547,736
C09,6,0.0,wmax,0.8,706,80.77803203661327,97.514,736
C09,6,0.0,wmax,0.9,727,83.18077803203661,97.847,736
C09,6,0.02,vote,0.6,693,79.29061784897026,95.718,736
C09,6,0.02,vote,0.7,700,80.09153318077803,96.685,736
C09,6,0.02,vote,0.8,707,80.89244851258582,97.652,736
C09,6,0.02,vote,0.9,732,83.75286041189932,97.73,736
C09,6,0.02,conf,0.6,693,79.29061784897026,95.718,736
C09,6,0.02,conf,0.7,700,80.09153318077803,96.685,736
C09,6,0.02,conf,0.8,707,80.89244851258582,97.652,736
C09,6,0.02,conf,0.9,732,83.75286041189932,97.73,736
C09,6,0.02,wmax,0.6,693,79.29061784897026,95.718,736
C09,6,0.02,wmax,0.7,700,80.09153318077803,96.685,736
C09,6,0.02,wmax,0.8,707,80.89244851258582,97.652,736
C09,6,0.02,wmax,0.9,732,83.75286041189932,97.73,736
C09,8,0.0,vote,0.6,708,81.00686498855835,95.805,736
C09,8,0.0,vote,0.7,711,81.35011441647598,96.211,736
C09,8,0.0,vote,0.8,720,82.37986270022883,97.429,736
C09,8,0.0,vote,0.9,734,83.9816933638444,97.867,736
C09,8,0.0,conf,0.6,708,81.00686498855835,95.805,736
C09,8,0.0,conf,0.7,711,81.35011441647598,96.211,736
C09,8,0.0,conf,0.8,720,82.37986270022883,97.429,736
C09,8,0.0,conf,0.9,734,83.9816933638444,97.867,736
C09,8,0.0,wmax,0.6,708,81.00686498855835,95.805,736
C09,8,0.0,wmax,0.7,711,81.35011441647598,96.211,736
C09,8,0.0,wmax,0.8,720,82.37986270022883,97.429,736
C09,8,0.0,wmax,0.9,734,83.9816933638444,97.867,736
C09,8,0.02,vote,0.6,707,80.89244851258582,95.67,736
C09,8,0.02,vote,0.7,709,81.1212814645309,95.94,736
C09,8,0.02,vote,0.8,718,82.15102974828375,97.158,736
C09,8,0.02,vote,0.9,731,83.63844393592677,97.467,736
C09,8,0.02,conf,0.6,707,80.89244851258582,95.67,736
C09,8,0.02,conf,0.7,709,81.1212814645309,95.94,736
C09,8,0.02,conf,0.8,718,82.15102974828375,97.158,736
C09,8,0.02,conf,0.9,730,83.52402745995424,97.333,736
C09,8,0.02,wmax,0.6,707,80.89244851258582,95.67,736
C09,8,0.02,wmax,0.7,709,81.1212814645309,95.94,736
C09,8,0.02,wmax,0.8,718,82.15102974828375,97.158,736
C09,8,0.02,wmax,0.9,730,83.52402745995424,97.333,736
C11,6,0.0,vote,0.6,656,74.88584474885845,93.05,769
C11,6,0.0,vote,0.7,663,75.68493150684931,94.176,769
C11,6,0.0,vote,0.8,667,76.14155251141553,94.879,769
C11,6,0.0,vote,0.9,674,76.94063926940639,94.93,769
C11,6,0.0,conf,0.6,656,74.88584474885845,93.05,769
C11,6,0.0,conf,0.7,663,75.68493150684931,94.176,769
C11,6,0.0,conf,0.8,667,76.14155251141553,94.879,769
C11,6,0.0,conf,0.9,674,76.94063926940639,94.93,769
C11,6,0.0,wmax,0.6,656,74.88584474885845,93.05,769
C11,6,0.0,wmax,0.7,663,75.68493150684931,94.176,769
C11,6,0.0,wmax,0.8,667,76.14155251141553,94.879,769
C11,6,0.0,wmax,0.9,674,76.94063926940639,94.93,769
C11,6,0.02,vote,0.6,653,74.54337899543378,92.624,769
C11,6,0.02,vote,0.7,659,75.22831050228311,93.608,769
C11,6,0.02,vote,0.8,663,75.68493150684931,94.31,769
C11,6,0.02,vote,0.9,670,76.48401826484019,94.366,769
C11,6,0.02,conf,0.6,654,74.65753424657534,92.766,769
C11,6,0.02,conf,0.7,660,75.34246575342466,93.75,769
C11,6,0.02,conf,0.8,664,75.79908675799086,94.452,769
C11,6,0.02,conf,0.9,671,76.59817351598174,94.507,769
C11,6,0.02,wmax,0.6,654,74.65753424657534,92.766,769
C11,6,0.02,wmax,0.7,660,75.34246575342466,93.75,769
C11,6,0.02,wmax,0.8,664,75.79908675799086,94.452,769
C11,6,0.02,wmax,0.9,671,76.59817351598174,94.507,769
C11,8,0.0,vote,0.6,665,75.91324200913242,93.268,769
C11,8,0.0,vote,0.7,675,77.05479452054794,94.67,769
C11,8,0.0,vote,0.8,684,78.08219178082192,95.798,769
C11,8,0.0,vote,0.9,687,78.42465753424658,95.816,769
C11,8,0.0,conf,0.6,665,75.91324200913242,93.268,769
C11,8,0.0,conf,0.7,675,77.05479452054794,94.67,769
C11,8,0.0,conf,0.8,684,78.08219178082192,95.798,769
C11,8,0.0,conf,0.9,687,78.42465753424658,95.816,769
C11,8,0.0,wmax,0.6,665,75.91324200913242,93.268,769
C11,8,0.0,wmax,0.7,675,77.05479452054794,94.67,769
C11,8,0.0,wmax,0.8,684,78.08219178082192,95.798,769
C11,8,0.0,wmax,0.9,687,78.42465753424658,95.816,769
C11,8,0.02,vote,0.6,666,76.02739726027397,93.408,769
C11,8,0.02,vote,0.7,674,76.94063926940639,94.53,769
C11,8,0.02,vote,0.8,681,77.73972602739725,95.378,769
C11,8,0.02,vote,0.9,669,76.36986301369863,96.259,769
C11,8,0.02,conf,0.6,665,75.91324200913242,93.268,769
C11,8,0.02,conf,0.7,673,76.82648401826484,94.39,769
C11,8,0.02,conf,0.8,682,77.85388127853881,95.518,769
C11,8,0.02,conf,0.9,677,77.28310502283105,96.028,769
C11,8,0.02,wmax,0.6,665,75.91324200913242,93.268,769
C11,8,0.02,wmax,0.7,673,76.82648401826484,94.39,769
C11,8,0.02,wmax,0.8,682,77.85388127853881,95.518,769
C11,8,0.02,wmax,0.9,677,77.28310502283105,96.028,769
D02,6,0.0,vote,0.6,678,80.61831153388823,96.996,738
D02,6,0.0,vote,0.7,676,80.38049940546968,96.71,738
D02,6,0.0,vote,0.8,681,80.97502972651606,97.425,738
D02,6,0.0,vote,0.9,719,85.4934601664685,97.162,738
D02,6,0.0,conf,0.6,678,80.61831153388823,96.996,738
D02,6,0.0,conf,0.7,676,80.38049940546968,96.71,738
D02,6,0.0,conf,0.8,681,80.97502972651606,97.425,738
D02,6,0.0,conf,0.9,719,85.4934601664685,97.162,738
D02,6,0.0,wmax,0.6,678,80.61831153388823,96.996,738
D02,6,0.0,wmax,0.7,676,80.38049940546968,96.71,738
D02,6,0.0,wmax,0.8,681,80.97502972651606,97.425,738
D02,6,0.0,wmax,0.9,719,85.4934601664685,97.162,738
D02,6,0.02,vote,0.6,678,80.61831153388823,96.996,738
D02,6,0.02,vote,0.7,678,80.61831153388823,96.996,738
D02,6,0.02,vote,0.8,683,81.2128418549346,97.711,738
D02,6,0.02,vote,0.9,722,85.85017835909632,97.568,738
D02,6,0.02,conf,0.6,678,80.61831153388823,96.996,738
D02,6,0.02,conf,0.7,677,80.49940546967895,96.853,738
D02,6,0.02,conf,0.8,682,81.09393579072533,97.568,738
D02,6,0.02,conf,0.9,721,85.73127229488703,97.432,738
D02,6,0.02,wmax,0.6,678,80.61831153388823,96.996,738
D02,6,0.02,wmax,0.7,677,80.49940546967895,96.853,738
D02,6,0.02,wmax,0.8,682,81.09393579072533,97.568,738
D02,6,0.02,wmax,0.9,721,85.73127229488703,97.432,738
D02,8,0.0,vote,0.6,715,85.01783590963139,96.231,738
D02,8,0.0,vote,0.7,717,85.25564803804994,96.501,738
D02,8,0.0,vote,0.8,720,85.61236623067776,96.904,738
D02,8,0.0,vote,0.9,723,85.96908442330559,97.835,738
D02,8,0.0,conf,0.6,715,85.01783590963139,96.231,738
D02,8,0.0,conf,0.7,717,85.25564803804994,96.501,738
D02,8,0.0,conf,0.8,720,85.61236623067776,96.904,738
D02,8,0.0,conf,0.9,723,85.96908442330559,97.835,738
D02,8,0.0,wmax,0.6,715,85.01783590963139,96.231,738
D02,8,0.0,wmax,0.7,717,85.25564803804994,96.501,738
D02,8,0.0,wmax,0.8,720,85.61236623067776,96.904,738
D02,8,0.0,wmax,0.9,723,85.96908442330559,97.835,738
D02,8,0.02,vote,0.6,714,84.89892984542212,96.097,738
D02,8,0.02,vote,0.7,716,85.13674197384067,96.366,738
D02,8,0.02,vote,0.8,719,85.4934601664685,96.77,738
D02,8,0.02,vote,0.9,722,85.85017835909632,97.7,738
D02,8,0.02,conf,0.6,714,84.89892984542212,96.097,738
D02,8,0.02,conf,0.7,716,85.13674197384067,96.366,738
D02,8,0.02,conf,0.8,719,85.4934601664685,96.77,738
D02,8,0.02,conf,0.9,722,85.85017835909632,97.7,738
D02,8,0.02,wmax,0.6,714,84.89892984542212,96.097,738
D02,8,0.02,wmax,0.7,716,85.13674197384067,96.366,738
D02,8,0.02,wmax,0.8,719,85.4934601664685,96.77,738
D02,8,0.02,wmax,0.9,722,85.85017835909632,97.7,738
D04,6,0.0,vote,0.6,658,78.24019024970274,93.732,740
D04,6,0.0,vote,0.7,664,78.95362663495838,94.587,740
D04,6,0.0,vote,0.8,669,79.54815695600476,95.299,740
D04,6,0.0,vote,0.9,669,79.54815695600476,95.435,740
D04,6,0.0,conf,0.6,658,78.24019024970274,93.732,740
D04,6,0.0,conf,0.7,664,78.95362663495838,94.587,740
D04,6,0.0,conf,0.8,669,79.54815695600476,95.299,740
D04,6,0.0,conf,0.9,669,79.54815695600476,95.435,740
D04,6,0.0,wmax,0.6,658,78.24019024970274,93.732,740
D04,6,0.0,wmax,0.7,664,78.95362663495838,94.587,740
D04,6,0.0,wmax,0.8,669,79.54815695600476,95.299,740
D04,6,0.0,wmax,0.9,669,79.54815695600476,95.435,740
D04,6,0.02,vote,0.6,659,78.359096313912,93.875,740
D04,6,0.02,vote,0.7,666,79.19143876337694,94.872,740
D04,6,0.02,vote,0.8,671,79.7859690844233,95.584,740
D04,6,0.02,vote,0.9,714,84.89892984542212,93.939,740
D04,6,0.02,conf,0.6,658,78.24019024970274,93.732,740
D04,6,0.02,conf,0.7,665,79.07253269916765,94.729,740
D04,6,0.02,conf,0.8,670,79.66706302021403,95.442,740
D04,6,0.02,conf,0.9,713,84.78002378121285,93.808,740
D04,6,0.02,wmax,0.6,658,78.24019024970274,93.732,740
D04,6,0.02,wmax,0.7,665,79.07253269916765,94.729,740
D04,6,0.02,wmax,0.8,670,79.66706302021403,95.442,740
D04,6,0.02,wmax,0.9,713,84.78002378121285,93.808,740
D04,8,0.0,vote,0.6,656,78.00237812128418,93.447,740
D04,8,0.0,vote,0.7,659,78.359096313912,93.875,740
D04,8,0.0,vote,0.8,664,78.95362663495838,94.587,740
D04,8,0.0,vote,0.9,684,81.33174791914388,93.956,740
D04,8,0.0,conf,0.6,656,78.00237812128418,93.447,740
D04,8,0.0,conf,0.7,659,78.359096313912,93.875,740
D04,8,0.0,conf,0.8,664,78.95362663495838,94.587,740
D04,8,0.0,conf,0.9,684,81.33174791914388,93.956,740
D04,8,0.0,wmax,0.6,656,78.00237812128418,93.447,740
D04,8,0.0,wmax,0.7,659,78.359096313912,93.875,740
D04,8,0.0,wmax,0.8,664,78.95362663495838,94.587,740
D04,8,0.0,wmax,0.9,684,81.33174791914388,93.956,740
D04,8,0.02,vote,0.6,661,78.59690844233056,94.16,740
D04,8,0.02,vote,0.7,665,79.07253269916765,94.729,740
D04,8,0.02,vote,0.8,670,79.66706302021403,95.442,740
D04,8,0.02,vote,0.9,691,82.1640903686088,94.918,740
D04,8,0.02,conf,0.6,661,78.59690844233056,94.16,740
D04,8,0.02,conf,0.7,665,79.07253269916765,94.729,740
D04,8,0.02,conf,0.8,670,79.66706302021403,95.442,740
D04,8,0.02,conf,0.9,691,82.1640903686088,94.918,740
D04,8,0.02,wmax,0.6,661,78.59690844233056,94.16,740
D04,8,0.02,wmax,0.7,665,79.07253269916765,94.729,740
D04,8,0.02,wmax,0.8,670,79.66706302021403,95.442,740
D04,8,0.02,wmax,0.9,691,82.1640903686088,94.918,740
D06,6,0.0,vote,0.6,690,82.63473053892216,96.91,730
D06,6,0.0,vote,0.7,690,82.63473053892216,96.91,730
D06,6,0.0,vote,0.8,695,83.23353293413173,97.612,730
D06,6,0.0,vote,0.9,721,86.34730538922156,97.432,730
D06,6,0.0,conf,0.6,690,82.63473053892216,96.91,730
D06,6,0.0,conf,0.7,690,82.63473053892216,96.91,730
D06,6,0.0,conf,0.8,695,83.23353293413173,97.612,730
D06,6,0.0,conf,0.9,721,86.34730538922156,97.432,730
D06,6,0.0,wmax,0.6,690,82.63473053892216,96.91,730
D06,6,0.0,wmax,0.7,690,82.63473053892216,96.91,730
D06,6,0.0,wmax,0.8,695,83.23353293413173,97.612,730
D06,6,0.0,wmax,0.9,721,86.34730538922156,97.432,730
D06,6,0.02,vote,0.6,690,82.63473053892216,96.91,730
D06,6,0.02,vote,0.7,691,82.75449101796407,97.051,730
D06,6,0.02,vote,0.8,696,83.35329341317366,97.753,730
D06,6,0.02,vote,0.9,721,86.34730538922156,97.432,730
D06,6,0.02,conf,0.6,690,82.63473053892216,96.91,730
D06,6,0.02,conf,0.7,691,82.75449101796407,97.051,730
D06,6,0.02,conf,0.8,696,83.35329341317366,97.753,730
D06,6,0.02,conf,0.9,721,86.34730538922156,97.432,730
D06,6,0.02,wmax,0.6,690,82.63473053892216,96.91,730
D06,6,0.02,wmax,0.7,691,82.75449101796407,97.051,730
D06,6,0.02,wmax,0.8,696,83.35329341317366,97.753,730
D06,6,0.02,wmax,0.9,721,86.34730538922156,97.432,730
D06,8,0.0,vote,0.6,696,83.35329341317366,95.868,730
D06,8,0.0,vote,0.7,700,83.83233532934132,96.419,730
D06,8,0.0,vote,0.8,703,84.19161676646706,96.832,730
D06,8,0.0,vote,0.9,717,85.86826347305389,97.418,730
D06,8,0.0,conf,0.6,696,83.35329341317366,95.868,730
D06,8,0.0,conf,0.7,700,83.83233532934132,96.419,730
D06,8,0.0,conf,0.8,703,84.19161676646706,96.832,730
D06,8,0.0,conf,0.9,717,85.86826347305389,97.418,730
D06,8,0.0,wmax,0.6,696,83.35329341317366,95.868,730
D06,8,0.0,wmax,0.7,700,83.83233532934132,96.419,730
D06,8,0.0,wmax,0.8,703,84.19161676646706,96.832,730
D06,8,0.0,wmax,0.9,717,85.86826347305389,97.418,730
D06,8,0.02,vote,0.6,696,83.35329341317366,95.868,730
D06,8,0.02,vote,0.7,700,83.83233532934132,96.419,730
D06,8,0.02,vote,0.8,703,84.19161676646706,96.832,730
D06,8,0.02,vote,0.9,717,85.86826347305389,97.418,730
D06,8,0.02,conf,0.6,696,83.35329341317366,95.868,730
D06,8,0.02,conf,0.7,700,83.83233532934132,96.419,730
D06,8,0.02,conf,0.8,703,84.19161676646706,96.832,730
D06,8,0.02,conf,0.9,717,85.86826347305389,97.418,730
D06,8,0.02,wmax,0.6,696,83.35329341317366,95.868,730
D06,8,0.02,wmax,0.7,700,83.83233532934132,96.419,730
D06,8,0.02,wmax,0.8,703,84.19161676646706,96.832,730
D06,8,0.02,wmax,0.9,717,85.86826347305389,97.418,730
D08,6,0.0,vote,0.6,684,78.98383371824481,95.933,751
D08,6,0.0,vote,0.7,688,79.44572748267899,96.494,751
D08,6,0.0,vote,0.8,694,80.13856812933025,97.335,751
D08,6,0.0,vote,0.9,741,85.56581986143188,96.484,751
D08,6,0.0,conf,0.6,684,78.98383371824481,95.933,751
D08,6,0.0,conf,0.7,688,79.44572748267899,96.494,751
D08,6,0.0,conf,0.8,694,80.13856812933025,97.335,751
D08,6,0.0,conf,0.9,741,85.56581986143188,96.484,751
D08,6,0.0,wmax,0.6,684,78.98383371824481,95.933,751
D08,6,0.0,wmax,0.7,688,79.44572748267899,96.494,751
D08,6,0.0,wmax,0.8,694,80.13856812933025,97.335,751
D08,6,0.0,wmax,0.9,741,85.56581986143188,96.484,751
D08,6,0.02,vote,0.6,685,79.09930715935334,96.073,751
D08,6,0.02,vote,0.7,692,79.90762124711317,97.055,751
D08,6,0.02,vote,0.8,698,80.60046189376443,97.896,751
D08,6,0.02,vote,0.9,720,83.14087759815243,97.959,751
D08,6,0.02,conf,0.6,685,79.09930715935334,96.073,751
D08,6,0.02,conf,0.7,692,79.90762124711317,97.055,751
D08,6,0.02,conf,0.8,698,80.60046189376443,97.896,751
D08,6,0.02,conf,0.9,720,83.14087759815243,97.959,751
D08,6,0.02,wmax,0.6,685,79.09930715935334,96.073,751
D08,6,0.02,wmax,0.7,692,79.90762124711317,97.055,751
D08,6,0.02,wmax,0.8,698,80.60046189376443,97.896,751
D08,6,0.02,wmax,0.9,720,83.14087759815243,97.959,751
D08,8,0.0,vote,0.6,676,78.06004618937645,96.848,751
D08,8,0.0,vote,0.7,681,78.63741339491916,97.564,751
D08,8,0.0,vote,0.8,687,79.33025404157044,98.003,751
D08,8,0.0,vote,0.9,740,85.45034642032333,96.229,751
D08,8,0.0,conf,0.6,676,78.06004618937645,96.848,751
D08,8,0.0,conf,0.7,681,78.63741339491916,97.564,751
D08,8,0.0,conf,0.8,687,79.33025404157044,98.003,751
D08,8,0.0,conf,0.9,740,85.45034642032333,96.229,751
D08,8,0.0,wmax,0.6,676,78.06004618937645,96.848,751
D08,8,0.0,wmax,0.7,681,78.63741339491916,97.564,751
D08,8,0.0,wmax,0.8,687,79.33025404157044,98.003,751
D08,8,0.0,wmax,0.9,740,85.45034642032333,96.229,751
D08,8,0.02,vote,0.6,677,78.17551963048498,96.991,751
D08,8,0.02,vote,0.7,680,78.52193995381063,97.421,751
D08,8,0.02,vote,0.8,686,79.21478060046189,97.86,751
D08,8,0.02,vote,0.9,738,85.21939953810623,95.969,751
D08,8,0.02,conf,0.6,677,78.17551963048498,96.991,751
D08,8,0.02,conf,0.7,680,78.52193995381063,97.421,751
D08,8,0.02,conf,0.8,686,79.21478060046189,97.86,751
D08,8,0.02,conf,0.9,738,85.21939953810623,95.969,751
D08,8,0.02,wmax,0.6,677,78.17551963048498,96.991,751
D08,8,0.02,wmax,0.7,680,78.52193995381063,97.421,751
D08,8,0.02,wmax,0.8,686,79.21478060046189,97.86,751
D08,8,0.02,wmax,0.9,738,85.21939953810623,95.969,751
D10,6,0.0,vote,0.6,696,80.64889918887602,96.533,773
D10,6,0.0,vote,0.7,701,81.22827346465817,97.226,773
D10,6,0.0,vote,0.8,705,81.6917728852839,97.781,773
D10,6,0.0,vote,0.9,754,87.36964078794901,97.416,773
D10,6,0.0,conf,0.6,696,80.64889918887602,96.533,773
D10,6,0.0,conf,0.7,701,81.22827346465817,97.226,773
D10,6,0.0,conf,0.8,705,81.6917728852839,97.781,773
D10,6,0.0,conf,0.9,754,87.36964078794901,97.416,773
D10,6,0.0,wmax,0.6,696,80.64889918887602,96.533,773
D10,6,0.0,wmax,0.7,701,81.22827346465817,97.226,773
D10,6,0.0,wmax,0.8,705,81.6917728852839,97.781,773
D10,6,0.0,wmax,0.9,754,87.36964078794901,97.416,773
D10,6,0.02,vote,0.6,696,80.64889918887602,96.533,773
D10,6,0.02,vote,0.7,701,81.22827346465817,97.226,773
D10,6,0.02,vote,0.8,705,81.6917728852839,97.781,773
D10,6,0.02,vote,0.9,753,87.25376593279259,97.287,773
D10,6,0.02,conf,0.6,696,80.64889918887602,96.533,773
D10,6,0.02,conf,0.7,701,81.22827346465817,97.226,773
D10,6,0.02,conf,0.8,705,81.6917728852839,97.781,773
D10,6,0.02,conf,0.9,753,87.25376593279259,97.287,773
D10,6,0.02,wmax,0.6,696,80.64889918887602,96.533,773
D10,6,0.02,wmax,0.7,701,81.22827346465817,97.226,773
D10,6,0.02,wmax,0.8,705,81.6917728852839,97.781,773
D10,6,0.02,wmax,0.9,753,87.25376593279259,97.287,773
D10,8,0.0,vote,0.6,736,85.28389339513326,95.337,773
D10,8,0.0,vote,0.7,737,85.39976825028968,95.466,773
D10,8,0.0,vote,0.8,740,85.74739281575899,95.979,773
D10,8,0.0,vote,0.9,742,85.97914252607184,97.375,773
D10,8,0.0,conf,0.6,736,85.28389339513326,95.337,773
D10,8,0.0,conf,0.7,737,85.39976825028968,95.466,773
D10,8,0.0,conf,0.8,740,85.74739281575899,95.979,773
D10,8,0.0,conf,0.9,742,85.97914252607184,97.375,773
D10,8,0.0,wmax,0.6,736,85.28389339513326,95.337,773
D10,8,0.0,wmax,0.7,737,85.39976825028968,95.466,773
D10,8,0.0,wmax,0.8,740,85.74739281575899,95.979,773
D10,8,0.0,wmax,0.9,742,85.97914252607184,97.375,773
D10,8,0.02,vote,0.6,735,85.16801853997683,95.207,773
D10,8,0.02,vote,0.7,736,85.28389339513326,95.337,773
D10,8,0.02,vote,0.8,740,85.74739281575899,95.979,773
D10,8,0.02,vote,0.9,742,85.97914252607184,97.375,773
D10,8,0.02,conf,0.6,736,85.28389339513326,95.337,773
D10,8,0.02,conf,0.7,737,85.39976825028968,95.466,773
D10,8,0.02,conf,0.8,741,85.8632676709154,96.109,773
D10,8,0.02,conf,0.9,743,86.09501738122827,97.507,773
D10,8,0.02,wmax,0.6,736,85.28389339513326,95.337,773
D10,8,0.02,wmax,0.7,737,85.39976825028968,95.466,773
D10,8,0.02,wmax,0.8,741,85.8632676709154,96.109,773
D10,8,0.02,wmax,0.9,743,86.09501738122827,97.507,773
D12,6,0.0,vote,0.6,639,74.47552447552448,91.942,737
D12,6,0.0,vote,0.7,645,75.17482517482517,92.806,737
D12,6,0.0,vote,0.8,646,75.29137529137529,92.95,737
D12,6,0.0,vote,0.9,676,78.78787878787878,92.35,737
D12,6,0.0,conf,0.6,639,74.47552447552448,91.942,737
D12,6,0.0,conf,0.7,645,75.17482517482517,92.806,737
D12,6,0.0,conf,0.8,646,75.29137529137529,92.95,737
D12,6,0.0,conf,0.9,676,78.78787878787878,92.35,737
D12,6,0.0,wmax,0.6,639,74.47552447552448,91.942,737
D12,6,0.0,wmax,0.7,645,75.17482517482517,92.806,737
D12,6,0.0,wmax,0.8,646,75.29137529137529,92.95,737
D12,6,0.0,wmax,0.9,676,78.78787878787878,92.35,737
D12,6,0.02,vote,0.6,639,74.47552447552448,91.942,737
D12,6,0.02,vote,0.7,647,75.4079254079254,93.094,737
D12,6,0.02,vote,0.8,648,75.52447552447552,93.237,737
D12,6,0.02,vote,0.9,673,78.43822843822844,92.956,737
D12,6,0.02,conf,0.6,640,74.5920745920746,92.086,737
D12,6,0.02,conf,0.7,647,75.4079254079254,93.094,737
D12,6,0.02,conf,0.8,648,75.52447552447552,93.237,737
D12,6,0.02,conf,0.9,673,78.43822843822844,92.956,737
D12,6,0.02,wmax,0.6,640,74.5920745920746,92.086,737
D12,6,0.02,wmax,0.7,647,75.4079254079254,93.094,737
D12,6,0.02,wmax,0.8,648,75.52447552447552,93.237,737
D12,6,0.02,wmax,0.9,673,78.43822843822844,92.956,737
D12,8,0.0,vote,0.6,627,73.07692307692308,94.003,737
D12,8,0.0,vote,0.7,630,73.42657342657343,94.453,737
D12,8,0.0,vote,0.8,635,74.009324009324,95.202,737
D12,8,0.0,vote,0.9,663,77.27272727272727,94.444,737
D12,8,0.0,conf,0.6,627,73.07692307692308,94.003,737
D12,8,0.0,conf,0.7,630,73.42657342657343,94.453,737
D12,8,0.0,conf,0.8,635,74.009324009324,95.202,737
D12,8,0.0,conf,0.9,663,77.27272727272727,94.444,737
D12,8,0.0,wmax,0.6,627,73.07692307692308,94.003,737
D12,8,0.0,wmax,0.7,630,73.42657342657343,94.453,737
D12,8,0.0,wmax,0.8,635,74.009324009324,95.202,737
D12,8,0.0,wmax,0.9,663,77.27272727272727,94.444,737
D12,8,0.02,vote,0.6,629,73.31002331002331,94.303,737
D12,8,0.02,vote,0.7,634,73.89277389277389,95.052,737
D12,8,0.02,vote,0.8,640,74.5920745920746,95.952,737
D12,8,0.02,vote,0.9,667,77.73892773892774,95.014,737
D12,8,0.02,conf,0.6,629,73.31002331002331,94.303,737
D12,8,0.02,conf,0.7,633,73.77622377622377,94.903,737
D12,8,0.02,conf,0.8,639,74.47552447552448,95.802,737
D12,8,0.02,conf,0.9,666,77.62237762237763,94.872,737
D12,8,0.02,wmax,0.6,629,73.31002331002331,94.303,737
D12,8,0.02,wmax,0.7,633,73.77622377622377,94.903,737
D12,8,0.02,wmax,0.8,639,74.47552447552448,95.802,737
D12,8,0.02,wmax,0.9,666,77.62237762237763,94.872,737
E01,6,0.0,vote,0.6,704,82.14702450408402,95.0,733
E01,6,0.0,vote,0.7,710,82.84714119019837,95.811,733
E01,6,0.0,vote,0.8,711,82.96382730455076,95.946,733
E01,6,0.0,vote,0.9,718,83.78063010501751,96.761,733
E01,6,0.0,conf,0.6,704,82.14702450408402,95.0,733
E01,6,0.0,conf,0.7,710,82.84714119019837,95.811,733
E01,6,0.0,conf,0.8,711,82.96382730455076,95.946,733
E01,6,0.0,conf,0.9,718,83.78063010501751,96.761,733
E01,6,0.0,wmax,0.6,704,82.14702450408402,95.0,733
E01,6,0.0,wmax,0.7,710,82.84714119019837,95.811,733
E01,6,0.0,wmax,0.8,711,82.96382730455076,95.946,733
E01,6,0.0,wmax,0.9,718,83.78063010501751,96.761,733
E01,6,0.02,vote,0.6,703,82.03033838973163,94.865,733
E01,6,0.02,vote,0.7,709,82.73045507584598,95.676,733
E01,6,0.02,vote,0.8,710,82.84714119019837,95.811,733
E01,6,0.02,vote,0.9,718,83.78063010501751,96.761,733
E01,6,0.02,conf,0.6,703,82.03033838973163,94.865,733
E01,6,0.02,conf,0.7,708,82.61376896149358,95.541,733
E01,6,0.02,conf,0.8,709,82.73045507584598,95.676,733
E01,6,0.02,conf,0.9,717,83.66394399066512,96.626,733
E01,6,0.02,wmax,0.6,703,82.03033838973163,94.865,733
E01,6,0.02,wmax,0.7,708,82.61376896149358,95.541,733
E01,6,0.02,wmax,0.8,709,82.73045507584598,95.676,733
E01,6,0.02,wmax,0.9,717,83.66394399066512,96.626,733
E01,8,0.0,vote,0.6,706,82.3803967327888,95.142,733
E01,8,0.0,vote,0.7,711,82.96382730455076,95.816,733
E01,8,0.0,vote,0.8,713,83.19719953325554,96.086,733
E01,8,0.0,vote,0.9,732,85.41423570595099,96.184,733
E01,8,0.0,conf,0.6,706,82.3803967327888,95.142,733
E01,8,0.0,conf,0.7,711,82.96382730455076,95.816,733
E01,8,0.0,conf,0.8,713,83.19719953325554,96.086,733
E01,8,0.0,conf,0.9,732,85.41423570595099,96.184,733
E01,8,0.0,wmax,0.6,706,82.3803967327888,95.142,733
E01,8,0.0,wmax,0.7,711,82.96382730455076,95.816,733
E01,8,0.0,wmax,0.8,713,83.19719953325554,96.086,733
E01,8,0.0,wmax,0.9,732,85.41423570595099,96.184,733
E01,8,0.02,vote,0.6,708,82.61376896149358,95.412,733
E01,8,0.02,vote,0.7,712,83.08051341890315,95.951,733
E01,8,0.02,vote,0.8,714,83.31388564760793,96.221,733
E01,8,0.02,vote,0.9,734,85.64760793465578,96.447,733
E01,8,0.02,conf,0.6,707,82.49708284714119,95.277,733
E01,8,0.02,conf,0.7,711,82.96382730455076,95.816,733
E01,8,0.02,conf,0.8,713,83.19719953325554,96.086,733
E01,8,0.02,conf,0.9,731,85.2975495915986,96.053,733
E01,8,0.02,wmax,0.6,707,82.49708284714119,95.277,733
E01,8,0.02,wmax,0.7,711,82.96382730455076,95.816,733
E01,8,0.02,wmax,0.8,713,83.19719953325554,96.086,733
E01,8,0.02,wmax,0.9,731,85.2975495915986,96.053,733
E03,6,0.0,vote,0.6,656,76.27906976744185,96.329,774
E03,6,0.0,vote,0.7,663,77.09302325581395,97.357,774
E03,6,0.0,vote,0.8,666,77.44186046511628,97.797,774
E03,6,0.0,vote,0.9,745,86.62790697674419,95.753,774
E03,6,0.0,conf,0.6,656,76.27906976744185,96.329,774
E03,6,0.0,conf,0.7,663,77.09302325581395,97.357,774
E03,6,0.0,conf,0.8,666,77.44186046511628,97.797,774
E03,6,0.0,conf,0.9,745,86.62790697674419,95.753,774
E03,6,0.0,wmax,0.6,656,76.27906976744185,96.329,774
E03,6,0.0,wmax,0.7,663,77.09302325581395,97.357,774
E03,6,0.0,wmax,0.8,666,77.44186046511628,97.797,774
E03,6,0.0,wmax,0.9,745,86.62790697674419,95.753,774
E03,6,0.02,vote,0.6,656,76.27906976744185,96.329,774
E03,6,0.02,vote,0.7,663,77.09302325581395,97.357,774
E03,6,0.02,vote,0.8,666,77.44186046511628,97.797,774
E03,6,0.02,vote,0.9,744,86.51162790697674,95.624,774
E03,6,0.02,conf,0.6,656,76.27906976744185,96.329,774
E03,6,0.02,conf,0.7,663,77.09302325581395,97.357,774
E03,6,0.02,conf,0.8,666,77.44186046511628,97.797,774
E03,6,0.02,conf,0.9,744,86.51162790697674,95.624,774
E03,6,0.02,wmax,0.6,656,76.27906976744185,96.329,774
E03,6,0.02,wmax,0.7,663,77.09302325581395,97.357,774
E03,6,0.02,wmax,0.8,666,77.44186046511628,97.797,774
E03,6,0.02,wmax,0.9,744,86.51162790697674,95.624,774
E03,8,0.0,vote,0.6,664,77.20930232558139,96.093,774
E03,8,0.0,vote,0.7,670,77.90697674418605,96.961,774
E03,8,0.0,vote,0.8,675,78.48837209302326,97.685,774
E03,8,0.0,vote,0.9,707,82.20930232558139,97.787,774
E03,8,0.0,conf,0.6,664,77.20930232558139,96.093,774
E03,8,0.0,conf,0.7,670,77.90697674418605,96.961,774
E03,8,0.0,conf,0.8,675,78.48837209302326,97.685,774
E03,8,0.0,conf,0.9,707,82.20930232558139,97.787,774
E03,8,0.0,wmax,0.6,664,77.20930232558139,96.093,774
E03,8,0.0,wmax,0.7,670,77.90697674418605,96.961,774
E03,8,0.0,wmax,0.8,675,78.48837209302326,97.685,774
E03,8,0.0,wmax,0.9,707,82.20930232558139,97.787,774
E03,8,0.02,vote,0.6,666,77.44186046511628,96.382,774
E03,8,0.02,vote,0.7,672,78.13953488372093,97.25,774
E03,8,0.02,vote,0.8,677,78.72093023255815,97.974,774
E03,8,0.02,vote,0.9,709,82.44186046511628,98.064,774
E03,8,0.02,conf,0.6,666,77.44186046511628,96.382,774
E03,8,0.02,conf,0.7,672,78.13953488372093,97.25,774
E03,8,0.02,conf,0.8,677,78.72093023255815,97.974,774
E03,8,0.02,conf,0.9,709,82.44186046511628,98.064,774
E03,8,0.02,wmax,0.6,666,77.44186046511628,96.382,774
E03,8,0.02,wmax,0.7,672,78.13953488372093,97.25,774
E03,8,0.02,wmax,0.8,677,78.72093023255815,97.974,774
E03,8,0.02,wmax,0.9,709,82.44186046511628,98.064,774
E05,6,0.0,vote,0.6,594,69.39252336448598,84.593,782
E05,6,0.0,vote,0.7,597,69.74299065420561,85.265,782
E05,6,0.0,vote,0.8,599,69.9766355140187,85.673,782
E05,6,0.0,vote,0.9,647,75.58411214953271,85.205,782
E05,6,0.0,conf,0.6,594,69.39252336448598,84.593,782
E05,6,0.0,conf,0.7,597,69.74299065420561,85.265,782
E05,6,0.0,conf,0.8,599,69.9766355140187,85.673,782
E05,6,0.0,conf,0.9,647,75.58411214953271,85.205,782
E05,6,0.0,wmax,0.6,594,69.39252336448598,84.593,782
E05,6,0.0,wmax,0.7,597,69.74299065420561,85.265,782
E05,6,0.0,wmax,0.8,599,69.9766355140187,85.673,782
E05,6,0.0,wmax,0.9,647,75.58411214953271,85.205,782
E05,6,0.02,vote,0.6,595,69.50934579439253,84.736,782
E05,6,0.02,vote,0.7,602,70.32710280373831,85.98,782
E05,6,0.02,vote,0.8,604,70.5607476635514,86.39,782
E05,6,0.02,vote,0.9,650,75.93457943925233,85.733,782
E05,6,0.02,conf,0.6,595,69.50934579439253,84.736,782
E05,6,0.02,conf,0.7,602,70.32710280373831,85.98,782
E05,6,0.02,conf,0.8,604,70.5607476635514,86.39,782
E05,6,0.02,conf,0.9,651,76.05140186915888,85.865,782
E05,6,0.02,wmax,0.6,595,69.50934579439253,84.736,782
E05,6,0.02,wmax,0.7,602,70.32710280373831,85.98,782
E05,6,0.02,wmax,0.8,604,70.5607476635514,86.39,782
E05,6,0.02,wmax,0.9,651,76.05140186915888,85.865,782
E05,8,0.0,vote,0.6,603,70.44392523364486,86.266,782
E05,8,0.0,vote,0.7,615,71.84579439252336,88.109,782
E05,8,0.0,vote,0.8,618,72.19626168224299,88.666,782
E05,8,0.0,vote,0.9,629,73.48130841121495,88.343,782
E05,8,0.0,conf,0.6,603,70.44392523364486,86.266,782
E05,8,0.0,conf,0.7,615,71.84579439252336,88.109,782
E05,8,0.0,conf,0.8,618,72.19626168224299,88.666,782
E05,8,0.0,conf,0.9,629,73.48130841121495,88.343,782
E05,8,0.0,wmax,0.6,603,70.44392523364486,86.266,782
E05,8,0.0,wmax,0.7,615,71.84579439252336,88.109,782
E05,8,0.0,wmax,0.8,618,72.19626168224299,88.666,782
E05,8,0.0,wmax,0.9,629,73.48130841121495,88.343,782
E05,8,0.02,vote,0.6,608,71.02803738317758,86.981,782
E05,8,0.02,vote,0.7,618,72.19626168224299,88.539,782
E05,8,0.02,vote,0.8,621,72.54672897196262,89.096,782
E05,8,0.02,vote,0.9,620,72.42990654205607,89.08,782
E05,8,0.02,conf,0.6,606,70.79439252336448,86.695,782
E05,8,0.02,conf,0.7,616,71.96261682242991,88.252,782
E05,8,0.02,conf,0.8,619,72.31308411214954,88.809,782
E05,8,0.02,conf,0.9,629,73.48130841121495,88.343,782
E05,8,0.02,wmax,0.6,606,70.79439252336448,86.695,782
E05,8,0.02,wmax,0.7,616,71.96261682242991,88.252,782
E05,8,0.02,wmax,0.8,619,72.31308411214954,88.809,782
E05,8,0.02,wmax,0.9,629,73.48130841121495,88.343,782
E07,6,0.0,vote,0.6,729,85.56338028169014,93.582,746
E07,6,0.0,vote,0.7,731,85.7981220657277,93.838,746
E07,6,0.0,vote,0.8,738,86.61971830985915,94.737,746
E07,6,0.0,vote,0.9,736,86.3849765258216,96.715,746
E07,6,0.0,conf,0.6,729,85.56338028169014,93.582,746
E07,6,0.0,conf,0.7,731,85.7981220657277,93.838,746
E07,6,0.0,conf,0.8,738,86.61971830985915,94.737,746
E07,6,0.0,conf,0.9,736,86.3849765258216,96.715,746
E07,6,0.0,wmax,0.6,729,85.56338028169014,93.582,746
E07,6,0.0,wmax,0.7,731,85.7981220657277,93.838,746
E07,6,0.0,wmax,0.8,738,86.61971830985915,94.737,746
E07,6,0.0,wmax,0.9,736,86.3849765258216,96.715,746
E07,6,0.02,vote,0.6,729,85.56338028169014,93.582,746
E07,6,0.02,vote,0.7,731,85.7981220657277,93.838,746
E07,6,0.02,vote,0.8,738,86.61971830985915,94.737,746
E07,6,0.02,vote,0.9,737,86.50234741784037,96.846,746
E07,6,0.02,conf,0.6,729,85.56338028169014,93.582,746
E07,6,0.02,conf,0.7,732,85.91549295774648,93.967,746
E07,6,0.02,conf,0.8,739,86.73708920187794,94.865,746
E07,6,0.02,conf,0.9,738,86.61971830985915,96.978,746
E07,6,0.02,wmax,0.6,729,85.56338028169014,93.582,746
E07,6,0.02,wmax,0.7,732,85.91549295774648,93.967,746
E07,6,0.02,wmax,0.8,739,86.73708920187794,94.865,746
E07,6,0.02,wmax,0.9,738,86.61971830985915,96.978,746
E07,8,0.0,vote,0.6,722,84.74178403755869,94.01,746
E07,8,0.0,vote,0.7,725,85.09389671361502,94.401,746
E07,8,0.0,vote,0.8,732,85.91549295774648,95.312,746
E07,8,0.0,vote,0.9,750,88.02816901408451,96.774,746
E07,8,0.0,conf,0.6,722,84.74178403755869,94.01,746
E07,8,0.0,conf,0.7,725,85.09389671361502,94.401,746
E07,8,0.0,conf,0.8,732,85.91549295774648,95.312,746
E07,8,0.0,conf,0.9,750,88.02816901408451,96.774,746
E07,8,0.0,wmax,0.6,722,84.74178403755869,94.01,746
E07,8,0.0,wmax,0.7,725,85.09389671361502,94.401,746
E07,8,0.0,wmax,0.8,732,85.91549295774648,95.312,746
E07,8,0.0,wmax,0.9,750,88.02816901408451,96.774,746
E07,8,0.02,vote,0.6,722,84.74178403755869,94.01,746
E07,8,0.02,vote,0.7,725,85.09389671361502,94.401,746
E07,8,0.02,vote,0.8,732,85.91549295774648,95.312,746
E07,8,0.02,vote,0.9,731,85.7981220657277,97.727,746
E07,8,0.02,conf,0.6,722,84.74178403755869,94.01,746
E07,8,0.02,conf,0.7,725,85.09389671361502,94.401,746
E07,8,0.02,conf,0.8,732,85.91549295774648,95.312,746
E07,8,0.02,conf,0.9,750,88.02816901408451,96.774,746
E07,8,0.02,wmax,0.6,722,84.74178403755869,94.01,746
E07,8,0.02,wmax,0.7,725,85.09389671361502,94.401,746
E07,8,0.02,wmax,0.8,732,85.91549295774648,95.312,746
E07,8,0.02,wmax,0.9,750,88.02816901408451,96.774,746
E09,6,0.0,vote,0.6,642,74.47795823665894,90.806,742
E09,6,0.0,vote,0.7,643,74.5939675174014,91.206,742
E09,6,0.0,vote,0.8,644,74.70997679814386,91.348,742
E09,6,0.0,vote,0.9,649,75.29002320185614,91.408,742
E09,6,0.0,conf,0.6,642,74.47795823665894,90.806,742
E09,6,0.0,conf,0.7,643,74.5939675174014,91.206,742
E09,6,0.0,conf,0.8,644,74.70997679814386,91.348,742
E09,6,0.0,conf,0.9,649,75.29002320185614,91.408,742
E09,6,0.0,wmax,0.6,642,74.47795823665894,90.806,742
E09,6,0.0,wmax,0.7,643,74.5939675174014,91.206,742
E09,6,0.0,wmax,0.8,644,74.70997679814386,91.348,742
E09,6,0.0,wmax,0.9,649,75.29002320185614,91.408,742
E09,6,0.02,vote,0.6,643,74.5939675174014,90.948,742
E09,6,0.02,vote,0.7,644,74.70997679814386,91.348,742
E09,6,0.02,vote,0.8,644,74.70997679814386,91.477,742
E09,6,0.02,vote,0.9,649,75.29002320185614,91.537,742
E09,6,0.02,conf,0.6,643,74.5939675174014,90.948,742
E09,6,0.02,conf,0.7,644,74.70997679814386,91.348,742
E09,6,0.02,conf,0.8,644,74.70997679814386,91.477,742
E09,6,0.02,conf,0.9,649,75.29002320185614,91.537,742
E09,6,0.02,wmax,0.6,643,74.5939675174014,90.948,742
E09,6,0.02,wmax,0.7,644,74.70997679814386,91.348,742
E09,6,0.02,wmax,0.8,644,74.70997679814386,91.477,742
E09,6,0.02,wmax,0.9,649,75.29002320185614,91.537,742
E09,8,0.0,vote,0.6,645,74.82598607888632,91.489,742
E09,8,0.0,vote,0.7,655,75.9860788863109,92.908,742
E09,8,0.0,vote,0.8,654,75.87006960556845,92.898,742
E09,8,0.0,vote,0.9,670,77.7262180974478,92.414,742
E09,8,0.0,conf,0.6,645,74.82598607888632,91.489,742
E09,8,0.0,conf,0.7,655,75.9860788863109,92.908,742
E09,8,0.0,conf,0.8,654,75.87006960556845,92.898,742
E09,8,0.0,conf,0.9,670,77.7262180974478,92.414,742
E09,8,0.0,wmax,0.6,645,74.82598607888632,91.489,742
E09,8,0.0,wmax,0.7,655,75.9860788863109,92.908,742
E09,8,0.0,wmax,0.8,654,75.87006960556845,92.898,742
E09,8,0.0,wmax,0.9,670,77.7262180974478,92.414,742
E09,8,0.02,vote,0.6,642,74.47795823665894,90.922,742
E09,8,0.02,vote,0.7,654,75.87006960556845,92.624,742
E09,8,0.02,vote,0.8,652,75.63805104408353,92.603,742
E09,8,0.02,vote,0.9,653,75.75406032482599,92.745,742
E09,8,0.02,conf,0.6,642,74.47795823665894,90.922,742
E09,8,0.02,conf,0.7,655,75.9860788863109,92.766,742
E09,8,0.02,conf,0.8,652,75.63805104408353,92.603,742
E09,8,0.02,conf,0.9,653,75.75406032482599,92.745,742
E09,8,0.02,wmax,0.6,642,74.47795823665894,90.922,742
E09,8,0.02,wmax,0.7,655,75.9860788863109,92.766,742
E09,8,0.02,wmax,0.8,652,75.63805104408353,92.603,742
E09,8,0.02,wmax,0.9,653,75.75406032482599,92.745,742
E11,6,0.0,vote,0.6,687,81.30177514792899,97.585,735
E11,6,0.0,vote,0.7,686,81.18343195266272,97.443,735
E11,6,0.0,vote,0.8,686,81.18343195266272,97.443,735
E11,6,0.0,vote,0.9,723,85.56213017751479,96.653,735
E11,6,0.0,conf,0.6,687,81.30177514792899,97.585,735
E11,6,0.0,conf,0.7,686,81.18343195266272,97.443,735
E11,6,0.0,conf,0.8,686,81.18343195266272,97.443,735
E11,6,0.0,conf,0.9,723,85.56213017751479,96.653,735
E11,6,0.0,wmax,0.6,687,81.30177514792899,97.585,735
E11,6,0.0,wmax,0.7,686,81.18343195266272,97.443,735
E11,6,0.0,wmax,0.8,686,81.18343195266272,97.443,735
E11,6,0.0,wmax,0.9,723,85.56213017751479,96.653,735
E11,6,0.02,vote,0.6,687,81.30177514792899,97.585,735
E11,6,0.02,vote,0.7,689,81.53846153846153,97.869,735
E11,6,0.02,vote,0.8,689,81.53846153846153,97.869,735
E11,6,0.02,vote,0.9,727,86.03550295857988,97.189,735
E11,6,0.02,conf,0.6,687,81.30177514792899,97.585,735
E11,6,0.02,conf,0.7,689,81.53846153846153,97.869,735
E11,6,0.02,conf,0.8,689,81.53846153846153,97.869,735
E11,6,0.02,conf,0.9,727,86.03550295857988,97.189,735
E11,6,0.02,wmax,0.6,687,81.30177514792899,97.585,735
E11,6,0.02,wmax,0.7,689,81.53846153846153,97.869,735
E11,6,0.02,wmax,0.8,689,81.53846153846153,97.869,735
E11,6,0.02,wmax,0.9,727,86.03550295857988,97.189,735
E11,8,0.0,vote,0.6,724,85.68047337278107,95.257,735
E11,8,0.0,vote,0.7,727,86.03550295857988,95.652,735
E11,8,0.0,vote,0.8,727,86.03550295857988,95.652,735
E11,8,0.0,vote,0.9,722,85.44378698224853,96.519,735
E11,8,0.0,conf,0.6,724,85.68047337278107,95.257,735
E11,8,0.0,conf,0.7,727,86.03550295857988,95.652,735
E11,8,0.0,conf,0.8,727,86.03550295857988,95.652,735
E11,8,0.0,conf,0.9,722,85.44378698224853,96.519,735
E11,8,0.0,wmax,0.6,724,85.68047337278107,95.257,735
E11,8,0.0,wmax,0.7,727,86.03550295857988,95.652,735
E11,8,0.0,wmax,0.8,727,86.03550295857988,95.652,735
E11,8,0.0,wmax,0.9,722,85.44378698224853,96.519,735
E11,8,0.02,vote,0.6,723,85.56213017751479,95.125,735
E11,8,0.02,vote,0.7,726,85.9171597633136,95.52,735
E11,8,0.02,vote,0.8,726,85.9171597633136,95.52,735
E11,8,0.02,vote,0.9,721,85.32544378698225,96.386,735
E11,8,0.02,conf,0.6,723,85.56213017751479,95.125,735
E11,8,0.02,conf,0.7,726,85.9171597633136,95.52,735
E11,8,0.02,conf,0.8,726,85.9171597633136,95.52,735
E11,8,0.02,conf,0.9,721,85.32544378698225,96.386,735
E11,8,0.02,wmax,0.6,723,85.56213017751479,95.125,735
E11,8,0.02,wmax,0.7,726,85.9171597633136,95.52,735
E11,8,0.02,wmax,0.8,726,85.9171597633136,95.52,735
E11,8,0.02,wmax,0.9,721,85.32544378698225,96.386,735
F02,6,0.0,vote,0.6,573,68.70503597122303,87.883,749
F02,6,0.0,vote,0.7,578,69.30455635491607,88.65,749
F02,6,0.0,vote,0.8,582,69.7841726618705,88.584,749
F02,6,0.0,vote,0.9,650,77.93764988009592,86.551,749
F02,6,0.0,conf,0.6,573,68.70503597122303,87.883,749
F02,6,0.0,conf,0.7,578,69.30455635491607,88.65,749
F02,6,0.0,conf,0.8,582,69.7841726618705,88.584,749
F02,6,0.0,conf,0.9,650,77.93764988009592,86.551,749
F02,6,0.0,wmax,0.6,573,68.70503597122303,87.883,749
F02,6,0.0,wmax,0.7,578,69.30455635491607,88.65,749
F02,6,0.0,wmax,0.8,582,69.7841726618705,88.584,749
F02,6,0.0,wmax,0.9,650,77.93764988009592,86.551,749
F02,6,0.02,vote,0.6,577,69.18465227817745,88.633,749
F02,6,0.02,vote,0.7,583,69.9040767386091,89.555,749
F02,6,0.02,vote,0.8,587,70.38369304556355,89.482,749
F02,6,0.02,vote,0.9,659,79.0167865707434,87.867,749
F02,6,0.02,conf,0.6,577,69.18465227817745,88.633,749
F02,6,0.02,conf,0.7,584,70.02398081534773,89.708,749
F02,6,0.02,conf,0.8,588,70.50359712230215,89.634,749
F02,6,0.02,conf,0.9,659,79.0167865707434,87.867,749
F02,6,0.02,wmax,0.6,577,69.18465227817745,88.633,749
F02,6,0.02,wmax,0.7,584,70.02398081534773,89.708,749
F02,6,0.02,wmax,0.8,588,70.50359712230215,89.634,749
F02,6,0.02,wmax,0.9,659,79.0167865707434,87.867,749
F02,8,0.0,vote,0.6,593,71.1031175059952,86.95,749
F02,8,0.0,vote,0.7,598,71.70263788968825,87.555,749
F02,8,0.0,vote,0.8,605,72.54196642685851,88.45,749
F02,8,0.0,vote,0.9,631,75.65947242206235,88.252,749
F02,8,0.0,conf,0.6,593,71.1031175059952,86.95,749
F02,8,0.0,conf,0.7,598,71.70263788968825,87.555,749
F02,8,0.0,conf,0.8,605,72.54196642685851,88.45,749
F02,8,0.0,conf,0.9,631,75.65947242206235,88.252,749
F02,8,0.0,wmax,0.6,593,71.1031175059952,86.95,749
F02,8,0.0,wmax,0.7,598,71.70263788968825,87.555,749
F02,8,0.0,wmax,0.8,605,72.54196642685851,88.45,749
F02,8,0.0,wmax,0.9,631,75.65947242206235,88.252,749
F02,8,0.02,vote,0.6,593,71.1031175059952,86.95,749
F02,8,0.02,vote,0.7,599,71.82254196642685,87.83,749
F02,8,0.02,vote,0.8,605,72.54196642685851,88.58,749
F02,8,0.02,vote,0.9,631,75.65947242206235,88.375,749
F02,8,0.02,conf,0.6,594,71.22302158273381,87.097,749
F02,8,0.02,conf,0.7,600,71.94244604316546,87.977,749
F02,8,0.02,conf,0.8,606,72.66187050359713,88.726,749
F02,8,0.02,conf,0.9,633,75.89928057553956,88.655,749
F02,8,0.02,wmax,0.6,594,71.22302158273381,87.097,749
F02,8,0.02,wmax,0.7,600,71.94244604316546,87.977,749
F02,8,0.02,wmax,0.8,606,72.66187050359713,88.726,749
F02,8,0.02,wmax,0.9,633,75.89928057553956,88.655,749
F04,6,0.0,vote,0.6,675,79.03981264637002,95.339,739
F04,6,0.0,vote,0.7,682,79.85948477751757,96.328,739
F04,6,0.0,vote,0.8,683,79.97658079625293,96.469,739
F04,6,0.0,vote,0.9,711,83.2552693208431,95.693,739
F04,6,0.0,conf,0.6,675,79.03981264637002,95.339,739
F04,6,0.0,conf,0.7,682,79.85948477751757,96.328,739
F04,6,0.0,conf,0.8,683,79.97658079625293,96.469,739
F04,6,0.0,conf,0.9,711,83.2552693208431,95.693,739
F04,6,0.0,wmax,0.6,675,79.03981264637002,95.339,739
F04,6,0.0,wmax,0.7,682,79.85948477751757,96.328,739
F04,6,0.0,wmax,0.8,683,79.97658079625293,96.469,739
F04,6,0.0,wmax,0.9,711,83.2552693208431,95.693,739
F04,6,0.02,vote,0.6,676,79.15690866510539,95.48,739
F04,6,0.02,vote,0.7,683,79.97658079625293,96.469,739
F04,6,0.02,vote,0.8,684,80.09367681498829,96.61,739
F04,6,0.02,vote,0.9,719,84.19203747072599,96.123,739
F04,6,0.02,conf,0.6,676,79.15690866510539,95.48,739
F04,6,0.02,conf,0.7,683,79.97658079625293,96.469,739
F04,6,0.02,conf,0.8,684,80.09367681498829,96.61,739
F04,6,0.02,conf,0.9,718,84.07494145199063,95.989,739
F04,6,0.02,wmax,0.6,676,79.15690866510539,95.48,739
F04,6,0.02,wmax,0.7,683,79.97658079625293,96.469,739
F04,6,0.02,wmax,0.8,684,80.09367681498829,96.61,739
F04,6,0.02,wmax,0.9,718,84.07494145199063,95.989,739
F04,8,0.0,vote,0.6,706,82.66978922716628,93.758,739
F04,8,0.0,vote,0.7,714,83.60655737704919,94.821,739
F04,8,0.0,vote,0.8,713,83.48946135831382,94.688,739
F04,8,0.0,vote,0.9,706,82.66978922716628,96.185,739
F04,8,0.0,conf,0.6,706,82.66978922716628,93.758,739
F04,8,0.0,conf,0.7,714,83.60655737704919,94.821,739
F04,8,0.0,conf,0.8,713,83.48946135831382,94.688,739
F04,8,0.0,conf,0.9,706,82.66978922716628,96.185,739
F04,8,0.0,wmax,0.6,706,82.66978922716628,93.758,739
F04,8,0.0,wmax,0.7,714,83.60655737704919,94.821,739
F04,8,0.0,wmax,0.8,713,83.48946135831382,94.688,739
F04,8,0.0,wmax,0.9,706,82.66978922716628,96.185,739
F04,8,0.02,vote,0.6,707,82.78688524590164,93.891,739
F04,8,0.02,vote,0.7,716,83.8407494145199,95.086,739
F04,8,0.02,vote,0.8,715,83.72365339578454,94.954,739
F04,8,0.02,vote,0.9,708,82.903981264637,96.458,739
F04,8,0.02,conf,0.6,707,82.78688524590164,93.891,739
F04,8,0.02,conf,0.7,716,83.8407494145199,95.086,739
F04,8,0.02,conf,0.8,715,83.72365339578454,94.954,739
F04,8,0.02,conf,0.9,708,82.903981264637,96.458,739
F04,8,0.02,wmax,0.6,707,82.78688524590164,93.891,739
F04,8,0.02,wmax,0.7,716,83.8407494145199,95.086,739
F04,8,0.02,wmax,0.8,715,83.72365339578454,94.954,739
F04,8,0.02,wmax,0.9,708,82.903981264637,96.458,739
F06,6,0.0,vote,0.6,697,81.90364277320799,94.83,760
F06,6,0.0,vote,0.7,702,82.49118683901293,95.51,760
F06,6,0.0,vote,0.8,703,82.6086956521739,95.646,760
F06,6,0.0,vote,0.9,716,84.13631022326675,95.85,760
F06,6,0.0,conf,0.6,697,81.90364277320799,94.83,760
F06,6,0.0,conf,0.7,702,82.49118683901293,95.51,760
F06,6,0.0,conf,0.8,703,82.6086956521739,95.646,760
F06,6,0.0,conf,0.9,716,84.13631022326675,95.85,760
F06,6,0.0,wmax,0.6,697,81.90364277320799,94.83,760
F06,6,0.0,wmax,0.7,702,82.49118683901293,95.51,760
F06,6,0.0,wmax,0.8,703,82.6086956521739,95.646,760
F06,6,0.0,wmax,0.9,716,84.13631022326675,95.85,760
F06,6,0.02,vote,0.6,696,81.78613396004701,94.694,760
F06,6,0.02,vote,0.7,700,82.25616921269095,95.238,760
F06,6,0.02,vote,0.8,701,82.37367802585194,95.374,760
F06,6,0.02,vote,0.9,717,84.25381903642773,95.856,760
F06,6,0.02,conf,0.6,696,81.78613396004701,94.694,760
F06,6,0.02,conf,0.7,700,82.25616921269095,95.238,760
F06,6,0.02,conf,0.8,701,82.37367802585194,95.374,760
F06,6,0.02,conf,0.9,716,84.13631022326675,95.722,760
F06,6,0.02,wmax,0.6,696,81.78613396004701,94.694,760
F06,6,0.02,wmax,0.7,700,82.25616921269095,95.238,760
F06,6,0.02,wmax,0.8,701,82.37367802585194,95.374,760
F06,6,0.02,wmax,0.9,716,84.13631022326675,95.722,760
F06,8,0.0,vote,0.6,710,83.43125734430082,94.415,760
F06,8,0.0,vote,0.7,712,83.6662749706228,94.681,760
F06,8,0.0,vote,0.8,713,83.78378378378379,94.814,760
F06,8,0.0,vote,0.9,717,84.25381903642773,95.984,760
F06,8,0.0,conf,0.6,710,83.43125734430082,94.415,760
F06,8,0.0,conf,0.7,712,83.6662749706228,94.681,760
F06,8,0.0,conf,0.8,713,83.78378378378379,94.814,760
F06,8,0.0,conf,0.9,717,84.25381903642773,95.984,760
F06,8,0.0,wmax,0.6,710,83.43125734430082,94.415,760
F06,8,0.0,wmax,0.7,712,83.6662749706228,94.681,760
F06,8,0.0,wmax,0.8,713,83.78378378378379,94.814,760
F06,8,0.0,wmax,0.9,717,84.25381903642773,95.984,760
F06,8,0.02,vote,0.6,712,83.6662749706228,94.681,760
F06,8,0.02,vote,0.7,713,83.78378378378379,94.814,760
F06,8,0.02,vote,0.8,715,84.01880141010575,95.08,760
F06,8,0.02,vote,0.9,718,84.37132784958872,96.118,760
F06,8,0.02,conf,0.6,712,83.6662749706228,94.681,760
F06,8,0.02,conf,0.7,713,83.78378378378379,94.814,760
F06,8,0.02,conf,0.8,715,84.01880141010575,95.08,760
F06,8,0.02,conf,0.9,718,84.37132784958872,96.118,760
F06,8,0.02,wmax,0.6,712,83.6662749706228,94.681,760
F06,8,0.02,wmax,0.7,713,83.78378378378379,94.814,760
F06,8,0.02,wmax,0.8,715,84.01880141010575,95.08,760
F06,8,0.02,wmax,0.9,718,84.37132784958872,96.118,760
F08,6,0.0,vote,0.6,596,70.78384798099762,85.387,737
F08,6,0.0,vote,0.7,600,71.25890736342043,86.083,737
F08,6,0.0,vote,0.8,594,70.54631828978623,85.468,737
F08,6,0.0,vote,0.9,604,71.73396674584323,85.552,737
F08,6,0.0,conf,0.6,596,70.78384798099762,85.387,737
F08,6,0.0,conf,0.7,600,71.25890736342043,86.083,737
F08,6,0.0,conf,0.8,594,70.54631828978623,85.468,737
F08,6,0.0,conf,0.9,604,71.73396674584323,85.552,737
F08,6,0.0,wmax,0.6,596,70.78384798099762,85.387,737
F08,6,0.0,wmax,0.7,600,71.25890736342043,86.083,737
F08,6,0.0,wmax,0.8,594,70.54631828978623,85.468,737
F08,6,0.0,wmax,0.9,604,71.73396674584323,85.552,737
F08,8,0.0,vote,0.6,589,69.95249406175772,84.848,737
F08,8,0.0,vote,0.7,603,71.61520190023752,86.869,737
F08,8,0.0,vote,0.8,608,72.20902612826603,87.59,737
F08,8,0.0,vote,0.9,620,73.63420427553444,87.677,737
F08,8,0.0,conf,0.6,589,69.95249406175772,84.848,737
F08,8,0.0,conf,0.7,603,71.61520190023752,86.869,737
F08,8,0.0,conf,0.8,608,72.20902612826603,87.59,737
F08,8,0.0,conf,0.9,620,73.63420427553444,87.677,737
F08,8,0.0,wmax,0.6,589,69.95249406175772,84.848,737
F08,8,0.0,wmax,0.7,603,71.61520190023752,86.869,737
F08,8,0.0,wmax,0.8,608,72.20902612826603,87.59,737
F08,8,0.0,wmax,0.9,620,73.63420427553444,87.677,737
F08,8,0.02,vote,0.6,589,69.95249406175772,84.971,737
F08,8,0.02,vote,0.7,604,71.73396674584323,87.139,737
F08,8,0.02,vote,0.8,609,72.32779097387173,87.861,737
F08,8,0.02,vote,0.9,620,73.63420427553444,87.926,737
F08,8,0.02,conf,0.6,588,69.83372921615202,84.827,737
F08,8,0.02,conf,0.7,603,71.61520190023752,86.994,737
F08,8,0.02,conf,0.8,609,72.32779097387173,87.861,737
F08,8,0.02,conf,0.9,620,73.63420427553444,87.926,737
F08,8,0.02,wmax,0.6,588,69.83372921615202,84.827,737
F08,8,0.02,wmax,0.7,603,71.61520190023752,86.994,737
F08,8,0.02,wmax,0.8,609,72.32779097387173,87.861,737
F08,8,0.02,wmax,0.9,620,73.63420427553444,87.926,737
F10,6,0.0,vote,0.6,701,79.47845804988663,93.342,775
F10,6,0.0,vote,0.7,708,80.27210884353741,94.274,775
F10,6,0.0,vote,0.8,709,80.38548752834467,94.407,775
F10,6,0.0,vote,0.9,716,81.17913832199547,95.213,775
F10,6,0.0,conf,0.6,701,79.47845804988663,93.342,775
F10,6,0.0,conf,0.7,708,80.27210884353741,94.274,775
F10,6,0.0,conf,0.8,709,80.38548752834467,94.407,775
F10,6,0.0,conf,0.9,716,81.17913832199547,95.213,775
F10,6,0.0,wmax,0.6,701,79.47845804988663,93.342,775
F10,6,0.0,wmax,0.7,708,80.27210884353741,94.274,775
F10,6,0.0,wmax,0.8,709,80.38548752834467,94.407,775
F10,6,0.0,wmax,0.9,716,81.17913832199547,95.213,775
F10,6,0.02,vote,0.6,702,79.59183673469387,93.475,775
F10,6,0.02,vote,0.7,709,80.38548752834467,94.407,775
F10,6,0.02,vote,0.8,710,80.49886621315193,94.541,775
F10,6,0.02,vote,0.9,717,81.29251700680273,95.346,775
F10,6,0.02,conf,0.6,703,79.70521541950113,93.609,775
F10,6,0.02,conf,0.7,710,80.49886621315193,94.541,775
F10,6,0.02,conf,0.8,711,80.61224489795919,94.674,775
F10,6,0.02,conf,0.9,718,81.40589569160997,95.479,775
F10,6,0.02,wmax,0.6,703,79.70521541950113,93.609,775
F10,6,0.02,wmax,0.7,710,80.49886621315193,94.541,775
F10,6,0.02,wmax,0.8,711,80.61224489795919,94.674,775
F10,6,0.02,wmax,0.9,718,81.40589569160997,95.479,775
F10,8,0.0,vote,0.6,733,83.10657596371883,92.776,775
F10,8,0.0,vote,0.7,735,83.33333333333333,93.029,775
F10,8,0.0,vote,0.8,736,83.44671201814059,93.156,775
F10,8,0.0,vote,0.9,739,83.78684807256236,94.02,775
F10,8,0.0,conf,0.6,733,83.10657596371883,92.776,775
F10,8,0.0,conf,0.7,735,83.33333333333333,93.029,775
F10,8,0.0,conf,0.8,736,83.44671201814059,93.156,775
F10,8,0.0,conf,0.9,739,83.78684807256236,94.02,775
F10,8,0.0,wmax,0.6,733,83.10657596371883,92.776,775
F10,8,0.0,wmax,0.7,735,83.33333333333333,93.029,775
F10,8,0.0,wmax,0.8,736,83.44671201814059,93.156,775
F10,8,0.0,wmax,0.9,739,83.78684807256236,94.02,775
F10,8,0.02,vote,0.6,733,83.10657596371883,92.776,775
F10,8,0.02,vote,0.7,736,83.44671201814059,93.156,775
F10,8,0.02,vote,0.8,737,83.56009070294785,93.283,775
F10,8,0.02,vote,0.9,738,83.6734693877551,93.893,775
F10,8,0.02,conf,0.6,734,83.21995464852608,92.902,775
F10,8,0.02,conf,0.7,737,83.56009070294785,93.283,775
F10,8,0.02,conf,0.8,738,83.6734693877551,93.409,775
F10,8,0.02,conf,0.9,740,83.90022675736961,94.148,775
F10,8,0.02,wmax,0.6,734,83.21995464852608,92.902,775
F10,8,0.02,wmax,0.7,737,83.56009070294785,93.283,775
F10,8,0.02,wmax,0.8,738,83.6734693877551,93.409,775
F10,8,0.02,wmax,0.9,740,83.90022675736961,94.148,775
F12,6,0.0,vote,0.6,672,80.38277511961722,94.382,741
F12,6,0.0,vote,0.7,678,81.10047846889952,95.225,741
F12,6,0.0,vote,0.8,685,81.9377990430622,96.208,741
F12,6,0.0,vote,0.9,720,86.1244019138756,95.618,741
F12,6,0.0,conf,0.6,672,80.38277511961722,94.382,741
F12,6,0.0,conf,0.7,678,81.10047846889952,95.225,741
F12,6,0.0,conf,0.8,685,81.9377990430622,96.208,741
F12,6,0.0,conf,0.9,720,86.1244019138756,95.618,741
F12,6,0.0,wmax,0.6,672,80.38277511961722,94.382,741
F12,6,0.0,wmax,0.7,678,81.10047846889952,95.225,741
F12,6,0.0,wmax,0.8,685,81.9377990430622,96.208,741
F12,6,0.0,wmax,0.9,720,86.1244019138756,95.618,741
F12,6,0.02,vote,0.6,672,80.38277511961722,94.382,741
F12,6,0.02,vote,0.7,678,81.10047846889952,95.225,741
F12,6,0.02,vote,0.8,685,81.9377990430622,96.208,741
F12,6,0.02,vote,0.9,721,86.24401913875599,95.75,741
F12,6,0.02,conf,0.6,672,80.38277511961722,94.382,741
F12,6,0.02,conf,0.7,678,81.10047846889952,95.225,741
F12,6,0.02,conf,0.8,685,81.9377990430622,96.208,741
F12,6,0.02,conf,0.9,722,86.36363636363636,95.883,741
F12,6,0.02,wmax,0.6,672,80.38277511961722,94.382,741
F12,6,0.02,wmax,0.7,678,81.10047846889952,95.225,741
F12,6,0.02,wmax,0.8,685,81.9377990430622,96.208,741
F12,6,0.02,wmax,0.9,722,86.36363636363636,95.883,741
F12,8,0.0,vote,0.6,698,83.49282296650718,94.197,741
F12,8,0.0,vote,0.7,700,83.73205741626795,94.467,741
F12,8,0.0,vote,0.8,707,84.56937799043062,95.412,741
F12,8,0.0,vote,0.9,721,86.24401913875599,96.519,741
F12,8,0.0,conf,0.6,698,83.49282296650718,94.197,741
F12,8,0.0,conf,0.7,700,83.73205741626795,94.467,741
F12,8,0.0,conf,0.8,707,84.56937799043062,95.412,741
F12,8,0.0,conf,0.9,721,86.24401913875599,96.519,741
F12,8,0.0,wmax,0.6,698,83.49282296650718,94.197,741
F12,8,0.0,wmax,0.7,700,83.73205741626795,94.467,741
F12,8,0.0,wmax,0.8,707,84.56937799043062,95.412,741
F12,8,0.0,wmax,0.9,721,86.24401913875599,96.519,741
F12,8,0.02,vote,0.6,697,83.37320574162679,94.062,741
F12,8,0.02,vote,0.7,699,83.61244019138756,94.332,741
F12,8,0.02,vote,0.8,706,84.44976076555024,95.277,741
F12,8,0.02,vote,0.9,724,86.60287081339713,96.149,741
F12,8,0.02,conf,0.6,698,83.49282296650718,94.197,741
F12,8,0.02,conf,0.7,700,83.73205741626795,94.467,741
F12,8,0.02,conf,0.8,707,84.56937799043062,95.412,741
F12,8,0.02,conf,0.9,726,86.84210526315789,96.286,741
F12,8,0.02,wmax,0.6,698,83.49282296650718,94.197,741
F12,8,0.02,wmax,0.7,700,83.73205741626795,94.467,741
F12,8,0.02,wmax,0.8,707,84.56937799043062,95.412,741
F12,8,0.02,wmax,0.9,726,86.84210526315789,96.286,741
G01,6,0.0,vote,0.6,701,86.0122699386503,93.717,731
G01,6,0.0,vote,0.7,699,85.76687116564418,93.449,731
G01,6,0.0,vote,0.8,706,86.62576687116564,94.385,731
G01,6,0.0,vote,0.9,715,87.73006134969326,95.588,731
G01,6,0.0,conf,0.6,701,86.0122699386503,93.717,731
G01,6,0.0,conf,0.7,699,85.76687116564418,93.449,731
G01,6,0.0,conf,0.8,706,86.62576687116564,94.385,731
G01,6,0.0,conf,0.9,715,87.73006134969326,95.588,731
G01,6,0.0,wmax,0.6,701,86.0122699386503,93.717,731
G01,6,0.0,wmax,0.7,699,85.76687116564418,93.449,731
G01,6,0.0,wmax,0.8,706,86.62576687116564,94.385,731
G01,6,0.0,wmax,0.9,715,87.73006134969326,95.588,731
G01,6,0.02,vote,0.6,701,86.0122699386503,93.717,731
G01,6,0.02,vote,0.7,702,86.13496932515338,93.85,731
G01,6,0.02,vote,0.8,709,86.99386503067484,94.786,731
G01,6,0.02,vote,0.9,718,88.09815950920246,95.989,731
G01,6,0.02,conf,0.6,701,86.0122699386503,93.717,731
G01,6,0.02,conf,0.7,702,86.13496932515338,93.85,731
G01,6,0.02,conf,0.8,709,86.99386503067484,94.786,731
G01,6,0.02,conf,0.9,719,88.22085889570552,96.123,731
G01,6,0.02,wmax,0.6,701,86.0122699386503,93.717,731
G01,6,0.02,wmax,0.7,702,86.13496932515338,93.85,731
G01,6,0.02,wmax,0.8,709,86.99386503067484,94.786,731
G01,6,0.02,wmax,0.9,719,88.22085889570552,96.123,731
G01,8,0.0,vote,0.6,691,84.78527607361963,93.886,731
G01,8,0.0,vote,0.7,693,85.03067484662577,94.158,731
G01,8,0.0,vote,0.8,699,85.76687116564418,94.973,731
G01,8,0.0,vote,0.9,700,85.88957055214723,96.154,731
G01,8,0.0,conf,0.6,691,84.78527607361963,93.886,731
G01,8,0.0,conf,0.7,693,85.03067484662577,94.158,731
G01,8,0.0,conf,0.8,699,85.76687116564418,94.973,731
G01,8,0.0,conf,0.9,700,85.88957055214723,96.154,731
G01,8,0.0,wmax,0.6,691,84.78527607361963,93.886,731
G01,8,0.0,wmax,0.7,693,85.03067484662577,94.158,731
G01,8,0.0,wmax,0.8,699,85.76687116564418,94.973,731
G01,8,0.0,wmax,0.9,700,85.88957055214723,96.154,731
G01,8,0.02,vote,0.6,691,84.78527607361963,93.886,731
G01,8,0.02,vote,0.7,693,85.03067484662577,94.158,731
G01,8,0.02,vote,0.8,700,85.88957055214723,95.109,731
G01,8,0.02,vote,0.9,697,85.52147239263803,96.806,731
G01,8,0.02,conf,0.6,691,84.78527607361963,93.886,731
G01,8,0.02,conf,0.7,693,85.03067484662577,94.158,731
G01,8,0.02,conf,0.8,699,85.76687116564418,94.973,731
G01,8,0.02,conf,0.9,696,85.39877300613497,96.667,731
G01,8,0.02,wmax,0.6,691,84.78527607361963,93.886,731
G01,8,0.02,wmax,0.7,693,85.03067484662577,94.158,731
G01,8,0.02,wmax,0.8,699,85.76687116564418,94.973,731
G01,8,0.02,wmax,0.9,696,85.39877300613497,96.667,731
G03,6,0.0,vote,0.6,700,77.86429365962181,90.323,802
G03,6,0.0,vote,0.7,704,78.30923248053392,90.839,802
G03,6,0.0,vote,0.8,713,79.3103448275862,91.881,802
G03,6,0.0,vote,0.9,739,82.20244716351502,91.687,802
G03,6,0.0,conf,0.6,700,77.86429365962181,90.323,802
G03,6,0.0,conf,0.7,704,78.30923248053392,90.839,802
G03,6,0.0,conf,0.8,713,79.3103448275862,91.881,802
G03,6,0.0,conf,0.9,739,82.20244716351502,91.687,802
G03,6,0.0,wmax,0.6,700,77.86429365962181,90.323,802
G03,6,0.0,wmax,0.7,704,78.30923248053392,90.839,802
G03,6,0.0,wmax,0.8,713,79.3103448275862,91.881,802
G03,6,0.0,wmax,0.9,739,82.20244716351502,91.687,802
G03,6,0.02,vote,0.6,701,77.97552836484984,90.452,802
G03,6,0.02,vote,0.7,706,78.53170189098999,91.097,802
G03,6,0.02,vote,0.8,715,79.53281423804226,92.139,802
G03,6,0.02,vote,0.9,741,82.42491657397107,91.935,802
G03,6,0.02,conf,0.6,701,77.97552836484984,90.452,802
G03,6,0.02,conf,0.7,707,78.64293659621802,91.226,802
G03,6,0.02,conf,0.8,716,79.6440489432703,92.268,802
G03,6,0.02,conf,0.9,742,82.5361512791991,92.06,802
G03,6,0.02,wmax,0.6,701,77.97552836484984,90.452,802
G03,6,0.02,wmax,0.7,707,78.64293659621802,91.226,802
G03,6,0.02,wmax,0.8,716,79.6440489432703,92.268,802
G03,6,0.02,wmax,0.9,742,82.5361512791991,92.06,802
G03,8,0.0,vote,0.6,695,77.30812013348165,89.793,802
G03,8,0.0,vote,0.7,699,77.75305895439377,90.31,802
G03,8,0.0,vote,0.8,657,73.08120133481647,92.928,802
G03,8,0.0,vote,0.9,731,81.31256952169076,90.571,802
G03,8,0.0,conf,0.6,695,77.30812013348165,89.793,802
G03,8,0.0,conf,0.7,699,77.75305895439377,90.31,802
G03,8,0.0,conf,0.8,657,73.08120133481647,92.928,802
G03,8,0.0,conf,0.9,731,81.31256952169076,90.571,802
G03,8,0.0,wmax,0.6,695,77.30812013348165,89.793,802
G03,8,0.0,wmax,0.7,699,77.75305895439377,90.31,802
G03,8,0.0,wmax,0.8,657,73.08120133481647,92.928,802
G03,8,0.0,wmax,0.9,731,81.31256952169076,90.571,802
G03,8,0.02,vote,0.6,698,77.64182424916574,90.181,802
G03,8,0.02,vote,0.7,701,77.97552836484984,90.568,802
G03,8,0.02,vote,0.8,705,78.42046718576196,90.968,802
G03,8,0.02,vote,0.9,737,81.97997775305896,90.977,802
G03,8,0.02,conf,0.6,698,77.64182424916574,90.181,802
G03,8,0.02,conf,0.7,701,77.97552836484984,90.568,802
G03,8,0.02,conf,0.8,707,78.64293659621802,91.226,802
G03,8,0.02,conf,0.9,739,82.20244716351502,91.224,802
G03,8,0.02,wmax,0.6,698,77.64182424916574,90.181,802
G03,8,0.02,wmax,0.7,701,77.97552836484984,90.568,802
G03,8,0.02,wmax,0.8,707,78.64293659621802,91.226,802
G03,8,0.02,wmax,0.9,739,82.20244716351502,91.224,802
G05,6,0.0,vote,0.6,656,82.20551378446115,97.185,747
G05,6,0.0,vote,0.7,655,82.08020050125313,97.037,747
G05,6,0.0,vote,0.8,660,82.70676691729324,97.778,747
G05,6,0.0,vote,0.9,690,86.46616541353383,96.91,747
G05,6,0.0,conf,0.6,656,82.20551378446115,97.185,747
G05,6,0.0,conf,0.7,655,82.08020050125313,97.037,747
G05,6,0.0,conf,0.8,660,82.70676691729324,97.778,747
G05,6,0.0,conf,0.9,690,86.46616541353383,96.91,747
G05,6,0.0,wmax,0.6,656,82.20551378446115,97.185,747
G05,6,0.0,wmax,0.7,655,82.08020050125313,97.037,747
G05,6,0.0,wmax,0.8,660,82.70676691729324,97.778,747
G05,6,0.0,wmax,0.9,690,86.46616541353383,96.91,747
G05,6,0.02,vote,0.6,657,82.33082706766918,97.333,747
G05,6,0.02,vote,0.7,657,82.33082706766918,97.333,747
G05,6,0.02,vote,0.8,662,82.95739348370927,98.074,747
G05,6,0.02,vote,0.9,695,87.09273182957394,97.612,747
G05,6,0.02,conf,0.6,657,82.33082706766918,97.333,747
G05,6,0.02,conf,0.7,657,82.33082706766918,97.333,747
G05,6,0.02,conf,0.8,662,82.95739348370927,98.074,747
G05,6,0.02,conf,0.9,695,87.09273182957394,97.612,747
G05,6,0.02,wmax,0.6,657,82.33082706766918,97.333,747
G05,6,0.02,wmax,0.7,657,82.33082706766918,97.333,747
G05,6,0.02,wmax,0.8,662,82.95739348370927,98.074,747
G05,6,0.02,wmax,0.9,695,87.09273182957394,97.612,747
G05,8,0.0,vote,0.6,679,85.08771929824562,96.724,747
G05,8,0.0,vote,0.7,677,84.83709273182957,96.439,747
G05,8,0.0,vote,0.8,681,85.33834586466165,97.009,747
G05,8,0.0,vote,0.9,725,90.85213032581454,96.405,747
G05,8,0.0,conf,0.6,679,85.08771929824562,96.724,747
G05,8,0.0,conf,0.7,677,84.83709273182957,96.439,747
G05,8,0.0,conf,0.8,681,85.33834586466165,97.009,747
G05,8,0.0,conf,0.9,725,90.85213032581454,96.405,747
G05,8,0.0,wmax,0.6,679,85.08771929824562,96.724,747
G05,8,0.0,wmax,0.7,677,84.83709273182957,96.439,747
G05,8,0.0,wmax,0.8,681,85.33834586466165,97.009,747
G05,8,0.0,wmax,0.9,725,90.85213032581454,96.405,747
G05,8,0.02,vote,0.6,679,85.08771929824562,96.724,747
G05,8,0.02,vote,0.7,679,85.08771929824562,96.724,747
G05,8,0.02,vote,0.8,682,85.46365914786968,97.151,747
G05,8,0.02,vote,0.9,709,88.84711779448621,97.119,747
G05,8,0.02,conf,0.6,679,85.08771929824562,96.724,747
G05,8,0.02,conf,0.7,679,85.08771929824562,96.724,747
G05,8,0.02,conf,0.8,682,85.46365914786968,97.151,747
G05,8,0.02,conf,0.9,709,88.84711779448621,97.119,747
G05,8,0.02,wmax,0.6,679,85.08771929824562,96.724,747
G05,8,0.02,wmax,0.7,679,85.08771929824562,96.724,747
G05,8,0.02,wmax,0.8,682,85.46365914786968,97.151,747
G05,8,0.02,wmax,0.9,709,88.84711779448621,97.119,747
G07,6,0.0,vote,0.6,689,78.74285714285715,95.429,769
G07,6,0.0,vote,0.7,689,78.74285714285715,95.429,769
G07,6,0.0,vote,0.8,698,79.77142857142857,96.81,769
G07,6,0.0,vote,0.9,749,85.6,95.414,769
G07,6,0.0,conf,0.6,689,78.74285714285715,95.429,769
G07,6,0.0,conf,0.7,689,78.74285714285715,95.429,769
G07,6,0.0,conf,0.8,698,79.77142857142857,96.81,769
G07,6,0.0,conf,0.9,749,85.6,95.414,769
G07,6,0.0,wmax,0.6,689,78.74285714285715,95.429,769
G07,6,0.0,wmax,0.7,689,78.74285714285715,95.429,769
G07,6,0.0,wmax,0.8,698,79.77142857142857,96.81,769
G07,6,0.0,wmax,0.9,749,85.6,95.414,769
G07,6,0.02,vote,0.6,688,78.62857142857143,95.291,769
G07,6,0.02,vote,0.7,689,78.74285714285715,95.429,769
G07,6,0.02,vote,0.8,698,79.77142857142857,96.81,769
G07,6,0.02,vote,0.9,749,85.6,95.414,769
G07,6,0.02,conf,0.6,688,78.62857142857143,95.291,769
G07,6,0.02,conf,0.7,689,78.74285714285715,95.429,769
G07,6,0.02,conf,0.8,698,79.77142857142857,96.81,769
G07,6,0.02,conf,0.9,748,85.48571428571428,95.287,769
G07,6,0.02,wmax,0.6,688,78.62857142857143,95.291,769
G07,6,0.02,wmax,0.7,689,78.74285714285715,95.429,769
G07,6,0.02,wmax,0.8,698,79.77142857142857,96.81,769
G07,6,0.02,wmax,0.9,748,85.48571428571428,95.287,769
G07,8,0.0,vote,0.6,735,84.0,93.75,769
G07,8,0.0,vote,0.7,737,84.22857142857143,94.005,769
G07,8,0.0,vote,0.8,743,84.91428571428571,94.77,769
G07,8,0.0,vote,0.9,732,83.65714285714286,96.063,769
G07,8,0.0,conf,0.6,735,84.0,93.75,769
G07,8,0.0,conf,0.7,737,84.22857142857143,94.005,769
G07,8,0.0,conf,0.8,743,84.91428571428571,94.77,769
G07,8,0.0,conf,0.9,732,83.65714285714286,96.063,769
G07,8,0.0,wmax,0.6,735,84.0,93.75,769
G07,8,0.0,wmax,0.7,737,84.22857142857143,94.005,769
G07,8,0.0,wmax,0.8,743,84.91428571428571,94.77,769
G07,8,0.0,wmax,0.9,732,83.65714285714286,96.063,769
G07,8,0.02,vote,0.6,736,84.11428571428571,93.878,769
G07,8,0.02,vote,0.7,737,84.22857142857143,94.005,769
G07,8,0.02,vote,0.8,743,84.91428571428571,94.77,769
G07,8,0.02,vote,0.9,731,83.54285714285714,95.932,769
G07,8,0.02,conf,0.6,736,84.11428571428571,93.878,769
G07,8,0.02,conf,0.7,737,84.22857142857143,94.005,769
G07,8,0.02,conf,0.8,743,84.91428571428571,94.77,769
G07,8,0.02,conf,0.9,731,83.54285714285714,95.932,769
G07,8,0.02,wmax,0.6,736,84.11428571428571,93.878,769
G07,8,0.02,wmax,0.7,737,84.22857142857143,94.005,769
G07,8,0.02,wmax,0.8,743,84.91428571428571,94.77,769
G07,8,0.02,wmax,0.9,731,83.54285714285714,95.932,769
G09,6,0.0,vote,0.6,585,67.94425087108014,91.693,764
G09,6,0.0,vote,0.7,593,68.87340301974449,92.947,764
G09,6,0.0,vote,0.8,611,70.96399535423926,92.857,764
G09,6,0.0,vote,0.9,634,73.63530778164925,92.017,764
G09,6,0.0,conf,0.6,584,67.8281068524971,91.536,764
G09,6,0.0,conf,0.7,592,68.75725900116144,92.79,764
G09,6,0.0,conf,0.8,610,70.84785133565622,92.705,764
G09,6,0.0,conf,0.9,633,73.5191637630662,91.872,764
G09,6,0.0,wmax,0.6,584,67.8281068524971,91.536,764
G09,6,0.0,wmax,0.7,592,68.75725900116144,92.79,764
G09,6,0.0,wmax,0.8,610,70.84785133565622,92.705,764
G09,6,0.0,wmax,0.9,633,73.5191637630662,91.872,764
G09,6,0.02,vote,0.6,583,67.71196283391406,91.379,764
G09,6,0.02,vote,0.7,592,68.75725900116144,92.79,764
G09,6,0.02,vote,0.8,610,70.84785133565622,92.705,764
G09,6,0.02,vote,0.9,638,74.09988385598142,91.667,764
G09,6,0.02,conf,0.6,581,67.47967479674797,91.066,764
G09,6,0.02,conf,0.7,590,68.52497096399536,92.476,764
G09,6,0.02,conf,0.8,608,70.61556329849013,92.401,764
G09,6,0.02,conf,0.9,631,73.28687572590012,91.582,764
G09,6,0.02,wmax,0.6,581,67.47967479674797,91.066,764
G09,6,0.02,wmax,0.7,590,68.52497096399536,92.476,764
G09,6,0.02,wmax,0.8,608,70.61556329849013,92.401,764
G09,6,0.02,wmax,0.9,631,73.28687572590012,91.582,764
G09,8,0.0,vote,0.6,630,73.17073170731707,92.24,764
G09,8,0.0,vote,0.7,639,74.21602787456446,93.558,764
G09,8,0.0,vote,0.8,634,73.63530778164925,96.499,764
G09,8,0.0,vote,0.9,655,76.07433217189315,95.62,764
G09,8,0.0,conf,0.6,630,73.17073170731707,92.24,764
G09,8,0.0,conf,0.7,639,74.21602787456446,93.558,764
G09,8,0.0,conf,0.8,634,73.63530778164925,96.499,764
G09,8,0.0,conf,0.9,655,76.07433217189315,95.62,764
G09,8,0.0,wmax,0.6,630,73.17073170731707,92.24,764
G09,8,0.0,wmax,0.7,639,74.21602787456446,93.558,764
G09,8,0.0,wmax,0.8,634,73.63530778164925,96.499,764
G09,8,0.0,wmax,0.9,655,76.07433217189315,95.62,764
G09,8,0.02,vote,0.6,644,74.79674796747967,91.348,764
G09,8,0.02,vote,0.7,653,75.84204413472706,92.624,764
G09,8,0.02,vote,0.8,650,75.49361207897793,95.729,764
G09,8,0.02,vote,0.9,672,78.04878048780488,94.908,764
G09,8,0.02,conf,0.6,645,74.91289198606272,91.218,764
G09,8,0.02,conf,0.7,654,75.9581881533101,92.493,764
G09,8,0.02,conf,0.8,651,75.60975609756098,95.588,764
G09,8,0.02,conf,0.9,674,78.28106852497096,94.915,764
G09,8,0.02,wmax,0.6,645,74.91289198606272,91.218,764
G09,8,0.02,wmax,0.7,654,75.9581881533101,92.493,764
G09,8,0.02,wmax,0.8,651,75.60975609756098,95.588,764
G09,8,0.02,wmax,0.9,674,78.28106852497096,94.915,764
G11,6,0.0,vote,0.6,556,65.64344746162928,80.552,750
G11,6,0.0,vote,0.7,557,65.76151121605668,80.697,750
G11,6,0.0,vote,0.8,563,66.46989374262101,81.567,750
G11,6,0.0,vote,0.9,632,74.61629279811098,80.897,750
G11,6,0.0,conf,0.6,556,65.64344746162928,80.552,750
G11,6,0.0,conf,0.7,557,65.76151121605668,80.697,750
G11,6,0.0,conf,0.8,563,66.46989374262101,81.567,750
G11,6,0.0,conf,0.9,632,74.61629279811098,80.897,750
G11,6,0.0,wmax,0.6,556,65.64344746162928,80.552,750
G11,6,0.0,wmax,0.7,557,65.76151121605668,80.697,750
G11,6,0.0,wmax,0.8,563,66.46989374262101,81.567,750
G11,6,0.0,wmax,0.9,632,74.61629279811098,80.897,750
G11,6,0.02,vote,0.6,555,65.52538370720188,80.523,750
G11,6,0.02,vote,0.7,556,65.64344746162928,80.669,750
G11,6,0.02,vote,0.8,562,66.35182998819363,81.541,750
G11,6,0.02,vote,0.9,633,74.73435655253837,81.234,750
G11,6,0.02,conf,0.6,555,65.52538370720188,80.523,750
G11,6,0.02,conf,0.7,556,65.64344746162928,80.669,750
G11,6,0.02,conf,0.8,562,66.35182998819363,81.541,750
G11,6,0.02,conf,0.9,632,74.61629279811098,81.105,750
G11,6,0.02,wmax,0.6,555,65.52538370720188,80.523,750
G11,6,0.02,wmax,0.7,556,65.64344746162928,80.669,750
G11,6,0.02,wmax,0.8,562,66.35182998819363,81.541,750
G11,6,0.02,wmax,0.9,632,74.61629279811098,81.105,750
G11,8,0.0,vote,0.6,609,71.90082644628099,79.79,750
G11,8,0.0,vote,0.7,608,71.7827626918536,79.659,750
G11,8,0.0,vote,0.8,609,71.90082644628099,79.79,750
G11,8,0.0,vote,0.9,622,73.43565525383707,80.884,750
G11,8,0.0,conf,0.6,609,71.90082644628099,79.79,750
G11,8,0.0,conf,0.7,608,71.7827626918536,79.659,750
G11,8,0.0,conf,0.8,609,71.90082644628099,79.79,750
G11,8,0.0,conf,0.9,622,73.43565525383707,80.884,750
G11,8,0.0,wmax,0.6,609,71.90082644628099,79.79,750
G11,8,0.0,wmax,0.7,608,71.7827626918536,79.659,750
G11,8,0.0,wmax,0.8,609,71.90082644628099,79.79,750
G11,8,0.0,wmax,0.9,622,73.43565525383707,80.884,750
G11,8,0.02,vote,0.6,608,71.7827626918536,79.868,750
G11,8,0.02,vote,0.7,609,71.90082644628099,80.0,750
G11,8,0.02,vote,0.8,610,72.01889020070838,80.132,750
G11,8,0.02,vote,0.9,616,72.72727272727273,81.028,750
G11,8,0.02,conf,0.6,609,71.90082644628099,79.895,750
G11,8,0.02,conf,0.7,610,72.01889020070838,80.026,750
G11,8,0.02,conf,0.8,611,72.13695395513578,80.158,750
G11,8,0.02,conf,0.9,623,73.55371900826447,80.99,750
G11,8,0.02,wmax,0.6,609,71.90082644628099,79.895,750
G11,8,0.02,wmax,0.7,610,72.01889020070838,80.026,750
G11,8,0.02,wmax,0.8,611,72.13695395513578,80.158,750
G11,8,0.02,wmax,0.9,623,73.55371900826447,80.99,750
H02,6,0.0,vote,0.6,665,77.23577235772358,95.821,748
H02,6,0.0,vote,0.7,674,78.28106852497096,97.118,748
H02,6,0.0,vote,0.8,679,78.86178861788618,97.839,748
H02,6,0.0,vote,0.9,723,83.97212543554006,96.524,748
H02,6,0.0,conf,0.6,665,77.23577235772358,95.821,748
H02,6,0.0,conf,0.7,674,78.28106852497096,97.118,748
H02,6,0.0,conf,0.8,679,78.86178861788618,97.839,748
H02,6,0.0,conf,0.9,723,83.97212543554006,96.524,748
H02,6,0.0,wmax,0.6,665,77.23577235772358,95.821,748
H02,6,0.0,wmax,0.7,674,78.28106852497096,97.118,748
H02,6,0.0,wmax,0.8,679,78.86178861788618,97.839,748
H02,6,0.0,wmax,0.9,723,83.97212543554006,96.524,748
H02,6,0.02,vote,0.6,666,77.35191637630662,95.965,748
H02,6,0.02,vote,0.7,675,78.397212543554,97.262,748
H02,6,0.02,vote,0.8,680,78.97793263646922,97.983,748
H02,6,0.02,vote,0.9,724,84.08826945412311,96.658,748
H02,6,0.02,conf,0.6,666,77.35191637630662,95.965,748
H02,6,0.02,conf,0.7,675,78.397212543554,97.262,748
H02,6,0.02,conf,0.8,680,78.97793263646922,97.983,748
H02,6,0.02,conf,0.9,724,84.08826945412311,96.658,748
H02,6,0.02,wmax,0.6,666,77.35191637630662,95.965,748
H02,6,0.02,wmax,0.7,675,78.397212543554,97.262,748
H02,6,0.02,wmax,0.8,680,78.97793263646922,97.983,748
H02,6,0.02,wmax,0.9,724,84.08826945412311,96.658,748
H02,8,0.0,vote,0.6,673,78.16492450638792,96.835,748
H02,8,0.0,vote,0.7,677,78.62950058072009,97.41,748
H02,8,0.0,vote,0.8,686,79.67479674796748,98.705,748
H02,8,0.0,vote,0.9,729,84.66898954703832,97.33,748
H02,8,0.0,conf,0.6,673,78.16492450638792,96.835,748
H02,8,0.0,conf,0.7,677,78.62950058072009,97.41,748
H02,8,0.0,conf,0.8,686,79.67479674796748,98.705,748
H02,8,0.0,conf,0.9,729,84.66898954703832,97.33,748
H02,8,0.0,wmax,0.6,673,78.16492450638792,96.835,748
H02,8,0.0,wmax,0.7,677,78.62950058072009,97.41,748
H02,8,0.0,wmax,0.8,686,79.67479674796748,98.705,748
H02,8,0.0,wmax,0.9,729,84.66898954703832,97.33,748
H02,8,0.02,vote,0.6,673,78.16492450638792,96.835,748
H02,8,0.02,vote,0.7,677,78.62950058072009,97.41,748
H02,8,0.02,vote,0.8,685,79.55865272938443,98.561,748
H02,8,0.02,vote,0.9,727,84.43670150987224,97.063,748
H02,8,0.02,conf,0.6,673,78.16492450638792,96.835,748
H02,8,0.02,conf,0.7,677,78.62950058072009,97.41,748
H02,8,0.02,conf,0.8,685,79.55865272938443,98.561,748
H02,8,0.02,conf,0.9,728,84.55284552845528,97.063,748
H02,8,0.02,wmax,0.6,673,78.16492450638792,96.835,748
H02,8,0.02,wmax,0.7,677,78.62950058072009,97.41,748
H02,8,0.02,wmax,0.8,685,79.55865272938443,98.561,748
H02,8,0.02,wmax,0.9,728,84.55284552845528,97.063,748
H04,6,0.0,vote,0.6,726,85.01170960187353,95.526,771
H04,6,0.0,vote,0.7,730,85.48009367681499,96.053,771
H04,6,0.0,vote,0.8,733,85.83138173302108,96.447,771
H04,6,0.0,vote,0.9,749,87.70491803278688,97.273,771
H04,6,0.0,conf,0.6,726,85.01170960187353,95.526,771
H04,6,0.0,conf,0.7,730,85.48009367681499,96.053,771
H04,6,0.0,conf,0.8,733,85.83138173302108,96.447,771
H04,6,0.0,conf,0.9,749,87.70491803278688,97.273,771
H04,6,0.0,wmax,0.6,726,85.01170960187353,95.526,771
H04,6,0.0,wmax,0.7,730,85.48009367681499,96.053,771
H04,6,0.0,wmax,0.8,733,85.83138173302108,96.447,771
H04,6,0.0,wmax,0.9,749,87.70491803278688,97.273,771
H04,6,0.02,vote,0.6,726,85.01170960187353,95.526,771
H04,6,0.02,vote,0.7,730,85.48009367681499,96.053,771
H04,6,0.02,vote,0.8,733,85.83138173302108,96.447,771
H04,6,0.02,vote,0.9,751,87.93911007025761,97.532,771
H04,6,0.02,conf,0.6,726,85.01170960187353,95.526,771
H04,6,0.02,conf,0.7,729,85.36299765807962,95.921,771
H04,6,0.02,conf,0.8,732,85.71428571428571,96.316,771
H04,6,0.02,conf,0.9,748,87.58782201405153,97.143,771
H04,6,0.02,wmax,0.6,726,85.01170960187353,95.526,771
H04,6,0.02,wmax,0.7,729,85.36299765807962,95.921,771
H04,6,0.02,wmax,0.8,732,85.71428571428571,96.316,771
H04,6,0.02,wmax,0.9,748,87.58782201405153,97.143,771
H04,8,0.0,vote,0.6,732,85.71428571428571,94.942,771
H04,8,0.0,vote,0.7,738,86.4168618266979,95.72,771
H04,8,0.0,vote,0.8,741,86.76814988290398,96.109,771
H04,8,0.0,vote,0.9,744,87.11943793911007,97.895,771
H04,8,0.0,conf,0.6,732,85.71428571428571,94.942,771
H04,8,0.0,conf,0.7,738,86.4168618266979,95.72,771
H04,8,0.0,conf,0.8,741,86.76814988290398,96.109,771
H04,8,0.0,conf,0.9,744,87.11943793911007,97.895,771
H04,8,0.0,wmax,0.6,732,85.71428571428571,94.942,771
H04,8,0.0,wmax,0.7,738,86.4168618266979,95.72,771
H04,8,0.0,wmax,0.8,741,86.76814988290398,96.109,771
H04,8,0.0,wmax,0.9,744,87.11943793911007,97.895,771
H04,8,0.02,vote,0.6,733,85.83138173302108,95.071,771
H04,8,0.02,vote,0.7,738,86.4168618266979,95.72,771
H04,8,0.02,vote,0.8,741,86.76814988290398,96.109,771
H04,8,0.02,vote,0.9,747,87.47072599531616,97.647,771
H04,8,0.02,conf,0.6,733,85.83138173302108,95.071,771
H04,8,0.02,conf,0.7,738,86.4168618266979,95.72,771
H04,8,0.02,conf,0.8,741,86.76814988290398,96.109,771
H04,8,0.02,conf,0.9,747,87.47072599531616,97.647,771
H04,8,0.02,wmax,0.6,733,85.83138173302108,95.071,771
H04,8,0.02,wmax,0.7,738,86.4168618266979,95.72,771
H04,8,0.02,wmax,0.8,741,86.76814988290398,96.109,771
H04,8,0.02,wmax,0.9,747,87.47072599531616,97.647,771
H06,6,0.0,vote,0.6,695,80.06912442396313,96.927,783
H06,6,0.0,vote,0.7,699,80.52995391705069,97.486,783
H06,6,0.0,vote,0.8,702,80.87557603686636,97.905,783
H06,6,0.0,vote,0.9,764,88.0184331797235,96.827,783
H06,6,0.0,conf,0.6,695,80.06912442396313,96.927,783
H06,6,0.0,conf,0.7,699,80.52995391705069,97.486,783
H06,6,0.0,conf,0.8,702,80.87557603686636,97.905,783
H06,6,0.0,conf,0.9,764,88.0184331797235,96.827,783
H06,6,0.0,wmax,0.6,695,80.06912442396313,96.927,783
H06,6,0.0,wmax,0.7,699,80.52995391705069,97.486,783
H06,6,0.0,wmax,0.8,702,80.87557603686636,97.905,783
H06,6,0.0,wmax,0.9,764,88.0184331797235,96.827,783
H06,6,0.02,vote,0.6,695,80.06912442396313,96.927,783
H06,6,0.02,vote,0.7,699,80.52995391705069,97.486,783
H06,6,0.02,vote,0.8,702,80.87557603686636,97.905,783
H06,6,0.02,vote,0.9,764,88.0184331797235,96.827,783
H06,6,0.02,conf,0.6,695,80.06912442396313,96.927,783
H06,6,0.02,conf,0.7,699,80.52995391705069,97.486,783
H06,6,0.02,conf,0.8,702,80.87557603686636,97.905,783
H06,6,0.02,conf,0.9,764,88.0184331797235,96.827,783
H06,6,0.02,wmax,0.6,695,80.06912442396313,96.927,783
H06,6,0.02,wmax,0.7,699,80.52995391705069,97.486,783
H06,6,0.02,wmax,0.8,702,80.87557603686636,97.905,783
H06,6,0.02,wmax,0.9,764,88.0184331797235,96.827,783
H06,8,0.0,vote,0.6,747,86.05990783410138,94.557,783
H06,8,0.0,vote,0.7,751,86.52073732718894,95.063,783
H06,8,0.0,vote,0.8,754,86.86635944700461,95.443,783
H06,8,0.0,vote,0.9,780,89.86175115207374,96.535,783
H06,8,0.0,conf,0.6,747,86.05990783410138,94.557,783
H06,8,0.0,conf,0.7,751,86.52073732718894,95.063,783
H06,8,0.0,conf,0.8,754,86.86635944700461,95.443,783
H06,8,0.0,conf,0.9,780,89.86175115207374,96.535,783
H06,8,0.0,wmax,0.6,747,86.05990783410138,94.557,783
H06,8,0.0,wmax,0.7,751,86.52073732718894,95.063,783
H06,8,0.0,wmax,0.8,754,86.86635944700461,95.443,783
H06,8,0.0,wmax,0.9,780,89.86175115207374,96.535,783
H06,8,0.02,vote,0.6,746,85.9447004608295,94.43,783
H06,8,0.02,vote,0.7,749,86.29032258064517,94.81,783
H06,8,0.02,vote,0.8,753,86.75115207373273,95.316,783
H06,8,0.02,vote,0.9,778,89.63133640552995,96.287,783
H06,8,0.02,conf,0.6,746,85.9447004608295,94.43,783
H06,8,0.02,conf,0.7,749,86.29032258064517,94.81,783
H06,8,0.02,conf,0.8,753,86.75115207373273,95.316,783
H06,8,0.02,conf,0.9,778,89.63133640552995,96.287,783
H06,8,0.02,wmax,0.6,746,85.9447004608295,94.43,783
H06,8,0.02,wmax,0.7,749,86.29032258064517,94.81,783
H06,8,0.02,wmax,0.8,753,86.75115207373273,95.316,783
H06,8,0.02,wmax,0.9,778,89.63133640552995,96.287,783
H08,6,0.0,vote,0.6,647,75.76112412177986,94.729,747
H08,6,0.0,vote,0.7,651,76.22950819672131,95.315,747
H08,6,0.0,vote,0.8,659,77.16627634660422,96.486,747
H08,6,0.0,vote,0.9,694,81.26463700234191,95.724,747
H08,6,0.0,conf,0.6,647,75.76112412177986,94.729,747
H08,6,0.0,conf,0.7,651,76.22950819672131,95.315,747
H08,6,0.0,conf,0.8,659,77.16627634660422,96.486,747
H08,6,0.0,conf,0.9,694,81.26463700234191,95.724,747
H08,6,0.0,wmax,0.6,647,75.76112412177986,94.729,747
H08,6,0.0,wmax,0.7,651,76.22950819672131,95.315,747
H08,6,0.0,wmax,0.8,659,77.16627634660422,96.486,747
H08,6,0.0,wmax,0.9,694,81.26463700234191,95.724,747
H08,6,0.02,vote,0.6,647,75.76112412177986,94.729,747
H08,6,0.02,vote,0.7,653,76.46370023419203,95.608,747
H08,6,0.02,vote,0.8,661,77.40046838407494,96.779,747
H08,6,0.02,vote,0.9,696,81.49882903981265,96.0,747
H08,6,0.02,conf,0.6,646,75.64402810304449,94.583,747
H08,6,0.02,conf,0.7,652,76.34660421545668,95.461,747
H08,6,0.02,conf,0.8,660,77.28337236533957,96.633,747
H08,6,0.02,conf,0.9,695,81.38173302107728,95.862,747
H08,6,0.02,wmax,0.6,646,75.64402810304449,94.583,747
H08,6,0.02,wmax,0.7,652,76.34660421545668,95.461,747
H08,6,0.02,wmax,0.8,660,77.28337236533957,96.633,747
H08,6,0.02,wmax,0.9,695,81.38173302107728,95.862,747
H08,8,0.0,vote,0.6,645,75.52693208430914,94.436,747
H08,8,0.0,vote,0.7,648,75.87822014051523,94.876,747
H08,8,0.0,vote,0.8,655,76.69789227166277,95.9,747
H08,8,0.0,vote,0.9,699,81.85011709601874,94.715,747
H08,8,0.0,conf,0.6,645,75.52693208430914,94.436,747
H08,8,0.0,conf,0.7,648,75.87822014051523,94.876,747
H08,8,0.0,conf,0.8,655,76.69789227166277,95.9,747
H08,8,0.0,conf,0.9,699,81.85011709601874,94.715,747
H08,8,0.0,wmax,0.6,645,75.52693208430914,94.436,747
H08,8,0.0,wmax,0.7,648,75.87822014051523,94.876,747
H08,8,0.0,wmax,0.8,655,76.69789227166277,95.9,747
H08,8,0.0,wmax,0.9,699,81.85011709601874,94.715,747
H08,8,0.02,vote,0.6,645,75.52693208430914,94.298,747
H08,8,0.02,vote,0.7,649,75.99531615925059,94.883,747
H08,8,0.02,vote,0.8,657,76.93208430913349,96.053,747
H08,8,0.02,vote,0.9,700,81.9672131147541,94.723,747
H08,8,0.02,conf,0.6,645,75.52693208430914,94.298,747
H08,8,0.02,conf,0.7,649,75.99531615925059,94.883,747
H08,8,0.02,conf,0.8,657,76.93208430913349,96.053,747
H08,8,0.02,conf,0.9,700,81.9672131147541,94.723,747
H08,8,0.02,wmax,0.6,645,75.52693208430914,94.298,747
H08,8,0.02,wmax,0.7,649,75.99531615925059,94.883,747
H08,8,0.02,wmax,0.8,657,76.93208430913349,96.053,747
H08,8,0.02,wmax,0.9,700,81.9672131147541,94.723,747
H10,6,0.0,vote,0.6,732,85.71428571428571,95.182,764
H10,6,0.0,vote,0.7,736,86.18266978922716,95.703,764
H10,6,0.0,vote,0.8,741,86.76814988290398,96.354,764
H10,6,0.0,vote,0.9,747,87.47072599531616,97.644,764
H10,6,0.0,conf,0.6,732,85.71428571428571,95.182,764
H10,6,0.0,conf,0.7,736,86.18266978922716,95.703,764
H10,6,0.0,conf,0.8,741,86.76814988290398,96.354,764
H10,6,0.0,conf,0.9,747,87.47072599531616,97.644,764
H10,6,0.0,wmax,0.6,732,85.71428571428571,95.182,764
H10,6,0.0,wmax,0.7,736,86.18266978922716,95.703,764
H10,6,0.0,wmax,0.8,741,86.76814988290398,96.354,764
H10,6,0.0,wmax,0.9,747,87.47072599531616,97.644,764
H10,6,0.02,vote,0.6,732,85.71428571428571,95.182,764
H10,6,0.02,vote,0.7,736,86.18266978922716,95.703,764
H10,6,0.02,vote,0.8,741,86.76814988290398,96.354,764
H10,6,0.02,vote,0.9,747,87.47072599531616,97.644,764
H10,6,0.02,conf,0.6,732,85.71428571428571,95.182,764
H10,6,0.02,conf,0.7,736,86.18266978922716,95.703,764
H10,6,0.02,conf,0.8,741,86.76814988290398,96.354,764
H10,6,0.02,conf,0.9,747,87.47072599531616,97.644,764
H10,6,0.02,wmax,0.6,732,85.71428571428571,95.182,764
H10,6,0.02,wmax,0.7,736,86.18266978922716,95.703,764
H10,6,0.02,wmax,0.8,741,86.76814988290398,96.354,764
H10,6,0.02,wmax,0.9,747,87.47072599531616,97.644,764
H10,8,0.0,vote,0.6,748,87.58782201405153,95.892,764
H10,8,0.0,vote,0.7,751,87.93911007025761,96.277,764
H10,8,0.0,vote,0.8,752,88.05620608899298,96.406,764
H10,8,0.0,vote,0.9,754,88.2903981264637,97.409,764
H10,8,0.0,conf,0.6,748,87.58782201405153,95.892,764
H10,8,0.0,conf,0.7,751,87.93911007025761,96.277,764
H10,8,0.0,conf,0.8,752,88.05620608899298,96.406,764
H10,8,0.0,conf,0.9,754,88.2903981264637,97.409,764
H10,8,0.0,wmax,0.6,748,87.58782201405153,95.892,764
H10,8,0.0,wmax,0.7,751,87.93911007025761,96.277,764
H10,8,0.0,wmax,0.8,752,88.05620608899298,96.406,764
H10,8,0.0,wmax,0.9,754,88.2903981264637,97.409,764
H10,8,0.02,vote,0.6,748,87.58782201405153,95.892,764
H10,8,0.02,vote,0.7,751,87.93911007025761,96.277,764
H10,8,0.02,vote,0.8,752,88.05620608899298,96.406,764
H10,8,0.02,vote,0.9,747,87.47072599531616,97.644,764
H10,8,0.02,conf,0.6,748,87.58782201405153,95.892,764
H10,8,0.02,conf,0.7,751,87.93911007025761,96.277,764
H10,8,0.02,conf,0.8,752,88.05620608899298,96.406,764
H10,8,0.02,conf,0.9,747,87.47072599531616,97.644,764
H10,8,0.02,wmax,0.6,748,87.58782201405153,95.892,764
H10,8,0.02,wmax,0.7,751,87.93911007025761,96.277,764
H10,8,0.02,wmax,0.8,752,88.05620608899298,96.406,764
H10,8,0.02,wmax,0.9,747,87.47072599531616,97.644,764
H12,6,0.0,vote,0.6,678,79.76470588235294,95.359,763
H12,6,0.0,vote,0.7,683,80.3529411764706,96.062,763
H12,6,0.0,vote,0.8,694,81.6470588235294,97.609,763
H12,6,0.0,vote,0.9,753,88.58823529411765,96.046,763
H12,6,0.0,conf,0.6,678,79.76470588235294,95.359,763
H12,6,0.0,conf,0.7,683,80.3529411764706,96.062,763
H12,6,0.0,conf,0.8,694,81.6470588235294,97.609,763
H12,6,0.0,conf,0.9,753,88.58823529411765,96.046,763
H12,6,0.0,wmax,0.6,678,79.76470588235294,95.359,763
H12,6,0.0,wmax,0.7,683,80.3529411764706,96.062,763
H12,6,0.0,wmax,0.8,694,81.6470588235294,97.609,763
H12,6,0.0,wmax,0.9,753,88.58823529411765,96.046,763
H12,6,0.02,vote,0.6,677,79.6470588235294,95.218,763
H12,6,0.02,vote,0.7,683,80.3529411764706,96.062,763
H12,6,0.02,vote,0.8,694,81.6470588235294,97.609,763
H12,6,0.02,vote,0.9,754,88.70588235294117,96.046,763
H12,6,0.02,conf,0.6,677,79.6470588235294,95.218,763
H12,6,0.02,conf,0.7,683,80.3529411764706,96.062,763
H12,6,0.02,conf,0.8,694,81.6470588235294,97.609,763
H12,6,0.02,conf,0.9,755,88.82352941176471,96.173,763
H12,6,0.02,wmax,0.6,677,79.6470588235294,95.218,763
H12,6,0.02,wmax,0.7,683,80.3529411764706,96.062,763
H12,6,0.02,wmax,0.8,694,81.6470588235294,97.609,763
H12,6,0.02,wmax,0.9,755,88.82352941176471,96.173,763
H12,8,0.0,vote,0.6,695,81.76470588235294,95.862,763
H12,8,0.0,vote,0.7,697,82.0,96.138,763
H12,8,0.0,vote,0.8,705,82.94117647058823,97.241,763
H12,8,0.0,vote,0.9,729,85.76470588235294,97.852,763
H12,8,0.0,conf,0.6,695,81.76470588235294,95.862,763
H12,8,0.0,conf,0.7,697,82.0,96.138,763
H12,8,0.0,conf,0.8,705,82.94117647058823,97.241,763
H12,8,0.0,conf,0.9,729,85.76470588235294,97.852,763
H12,8,0.0,wmax,0.6,695,81.76470588235294,95.862,763
H12,8,0.0,wmax,0.7,697,82.0,96.138,763
H12,8,0.0,wmax,0.8,705,82.94117647058823,97.241,763
H12,8,0.0,wmax,0.9,729,85.76470588235294,97.852,763
H12,8,0.02,vote,0.6,695,81.76470588235294,95.862,763
H12,8,0.02,vote,0.7,698,82.11764705882354,96.276,763
H12,8,0.02,vote,0.8,706,83.05882352941177,97.379,763
H12,8,0.02,vote,0.9,757,89.05882352941177,96.556,763
H12,8,0.02,conf,0.6,696,81.88235294117646,96.0,763
H12,8,0.02,conf,0.7,699,82.23529411764706,96.414,763
H12,8,0.02,conf,0.8,707,83.17647058823529,97.517,763
H12,8,0.02,conf,0.9,730,85.88235294117646,97.987,763
H12,8,0.02,wmax,0.6,696,81.88235294117646,96.0,763
H12,8,0.02,wmax,0.7,699,82.23529411764706,96.414,763
H12,8,0.02,wmax,0.8,707,83.17647058823529,97.517,763
H12,8,0.02,wmax,0.9,730,85.88235294117646,97.987,763
